"","e1_pr","e1_vol","e1_s1","e1_s2","e1_s3","e1_s4","e1_s5","e1_mean","e1_var","e2_pr","e2_vol","e2_s1","e2_s2","e2_s3","e2_s4","e2_s5","e2_mean","e2_var","b1_pr","b1_vol","b1_s1","b1_s2","b1_s3","b1_s4","b1_s5","b1_mean","b1_var","b2_pr","b2_vol","b2_s1","b2_s2","b2_s3","b2_s4","b2_s5","b2_mean","b2_var"
"1",27.99,7183,0.77,0.09,0.05,0.02,0.07,4.5,1.28,27.99,7360,0.68,0.19,0.1,0.01,0.02,4.5,0.75,13.99,8036,0.81,0.06,0.02,0.04,0.07,4.5,1.35,14.99,6140,0.67,0.29,0.02,0.01,0.01,4.6,0.46
"2",26.99,6599,0.73,0.09,0.09,0.04,0.05,4.4,1.31,26.99,5958,0.75,0.13,0.08,0.02,0.02,4.6,0.71,13.99,7616,0.8,0.07,0.07,0.02,0.04,4.6,0.91,14.99,9644,0.76,0.06,0.04,0.07,0.07,4.4,1.52
"3",27.99,6585,0.67,0.25,0.03,0.02,0.03,4.5,0.84,26.99,7986,0.8,0.07,0.07,0.02,0.04,4.6,0.91,13.99,5922,0.61,0.26,0.06,0.04,0.03,4.4,0.95,15.99,6364,0.76,0.13,0.05,0.04,0.02,4.6,0.79
"4",26.99,6856,0.81,0.06,0.02,0.04,0.07,4.5,1.35,25.99,6824,0.66,0.18,0.08,0.04,0.04,4.4,1.08,13.99,5406,0.84,0.02,0.02,0.05,0.07,4.5,1.44,15.99,8152,0.72,0.13,0.08,0.05,0.02,4.5,0.93
"5",26.99,7019,0.58,0.31,0.04,0.03,0.04,4.4,0.91,26.99,7879,0.73,0.09,0.09,0.04,0.05,4.4,1.31,15.99,6960,0.74,0.14,0.03,0.03,0.06,4.5,1.18,15.99,9747,0.7,0.25,0.02,0.01,0.02,4.6,0.53
"6",26.99,6956,0.74,0.1,0.08,0.06,0.02,4.5,1.01,26.99,5703,0.81,0.06,0.02,0.04,0.07,4.5,1.35,15.99,6777,0.69,0.17,0.1,0.03,0.01,4.5,0.81,14.99,5382,0.74,0.2,0.01,0.02,0.03,4.6,0.75
"7",26.99,9247,0.66,0.19,0.07,0.05,0.03,4.4,1,27.99,5597,0.71,0.14,0.05,0.03,0.07,4.4,1.38,15.99,7277,0.82,0.08,0.02,0.03,0.05,4.6,1.07,14.99,8586,0.73,0.12,0.08,0.04,0.03,4.5,0.99
"8",25.99,8713,0.54,0.38,0.03,0.01,0.04,4.4,0.81,26.99,6022,0.67,0.29,0.02,0.01,0.01,4.6,0.46,15.99,9387,0.63,0.27,0.07,0.02,0.01,4.5,0.57,15.99,8279,0.74,0.1,0.08,0.06,0.02,4.5,1.01
"9",25.99,9234,0.65,0.27,0.05,0.01,0.02,4.5,0.7,26.99,5409,0.78,0.14,0.01,0.01,0.06,4.6,1.02,13.99,5881,0.71,0.2,0.06,0.02,0.01,4.6,0.6,13.99,7163,0.66,0.19,0.07,0.05,0.03,4.4,1
"10",26.99,8814,0.86,0.02,0.03,0.04,0.05,4.6,1.16,25.99,9994,0.63,0.27,0.07,0.02,0.01,4.5,0.57,13.99,6044,0.8,0.11,0.03,0.01,0.05,4.6,0.97,15.99,7772,0.73,0.2,0.03,0.01,0.03,4.6,0.72
"11",27.99,7170,0.71,0.17,0.02,0.01,0.09,4.4,1.44,27.99,6739,0.54,0.38,0.03,0.02,0.03,4.4,0.77,15.99,6988,0.67,0.29,0.02,0.01,0.01,4.6,0.46,15.99,6657,0.71,0.2,0.06,0.02,0.01,4.6,0.6
"12",27.99,9053,0.76,0.11,0.1,0.02,0.01,4.6,0.69,27.99,7819,0.82,0.08,0.02,0.03,0.05,4.6,1.07,14.99,7774,0.8,0.02,0.04,0.06,0.08,4.4,1.64,14.99,6447,0.7,0.25,0.02,0.01,0.02,4.6,0.53
"13",25.99,9529,0.63,0.27,0.07,0.02,0.01,4.5,0.57,25.99,5490,0.81,0.06,0.02,0.04,0.07,4.5,1.35,13.99,8011,0.72,0.13,0.08,0.05,0.02,4.5,0.93,15.99,8832,0.7,0.25,0.02,0.01,0.02,4.6,0.53
"14",27.99,7785,0.83,0.03,0.03,0.01,0.1,4.5,1.54,26.99,8009,0.55,0.36,0.06,0.01,0.02,4.4,0.69,14.99,5798,0.63,0.21,0.13,0.01,0.02,4.4,0.85,14.99,7597,0.76,0.11,0.1,0.02,0.01,4.6,0.69
"15",25.99,5362,0.73,0.2,0.03,0.01,0.03,4.6,0.72,26.99,8919,0.76,0.13,0.05,0.04,0.02,4.6,0.79,15.99,8365,0.72,0.13,0.08,0.05,0.02,4.5,0.93,13.99,8581,0.63,0.21,0.13,0.01,0.02,4.4,0.85
"16",25.99,9125,0.8,0.02,0.04,0.06,0.08,4.4,1.64,27.99,7503,0.75,0.14,0.03,0.01,0.07,4.5,1.24,13.99,6205,0.69,0.17,0.1,0.03,0.01,4.5,0.81,15.99,6031,0.67,0.16,0.09,0.05,0.03,4.4,1.05
"17",27.99,5973,0.8,0.02,0.04,0.06,0.08,4.4,1.64,25.99,9975,0.76,0.06,0.04,0.07,0.07,4.4,1.52,15.99,6927,0.73,0.2,0.03,0.01,0.03,4.6,0.72,15.99,5720,0.78,0.14,0.01,0.01,0.06,4.6,1.02
"18",27.99,9058,0.67,0.29,0.02,0.01,0.01,4.6,0.46,27.99,8748,0.73,0.09,0.09,0.04,0.05,4.4,1.31,14.99,6031,0.71,0.16,0.06,0.05,0.02,4.5,0.9,15.99,9682,0.69,0.17,0.1,0.03,0.01,4.5,0.81
"19",27.99,6624,0.76,0.11,0.1,0.02,0.01,4.6,0.69,26.99,7937,0.47,0.47,0.03,0.02,0.01,4.4,0.48,14.99,5758,0.74,0.2,0.01,0.02,0.03,4.6,0.75,15.99,5062,0.63,0.21,0.13,0.01,0.02,4.4,0.85
"20",25.99,9889,0.71,0.2,0.06,0.02,0.01,4.6,0.6,25.99,8369,0.71,0.13,0.12,0.03,0.01,4.5,0.77,13.99,9623,0.71,0.2,0.06,0.02,0.01,4.6,0.6,15.99,5610,0.72,0.18,0.03,0.01,0.06,4.5,1.11
"21",25.99,6457,0.54,0.38,0.03,0.02,0.03,4.4,0.77,26.99,8161,0.72,0.21,0.03,0.02,0.02,4.6,0.66,14.99,6882,0.68,0.19,0.1,0.01,0.02,4.5,0.75,14.99,8015,0.71,0.14,0.05,0.03,0.07,4.4,1.38
"22",27.99,8371,0.76,0.11,0.1,0.02,0.01,4.6,0.69,25.99,9297,0.72,0.21,0.03,0.02,0.02,4.6,0.66,14.99,7234,0.67,0.2,0.04,0.03,0.06,4.4,1.18,13.99,9025,0.67,0.2,0.04,0.03,0.06,4.4,1.18
"23",26.99,6788,0.71,0.16,0.06,0.05,0.02,4.5,0.9,26.99,9957,0.69,0.17,0.1,0.03,0.01,4.5,0.81,15.99,7065,0.73,0.12,0.08,0.04,0.03,4.5,0.99,13.99,9234,0.65,0.27,0.05,0.01,0.02,4.5,0.7
"24",27.99,8998,0.75,0.13,0.08,0.02,0.02,4.6,0.71,25.99,8426,0.8,0.02,0.04,0.06,0.08,4.4,1.64,15.99,6317,0.47,0.47,0.03,0.02,0.01,4.4,0.48,13.99,5966,0.72,0.21,0.03,0.02,0.02,4.6,0.66
"25",27.99,5083,0.67,0.16,0.09,0.05,0.03,4.4,1.05,25.99,8289,0.47,0.47,0.03,0.02,0.01,4.4,0.48,14.99,7555,0.73,0.12,0.08,0.04,0.03,4.5,0.99,14.99,5739,0.7,0.25,0.02,0.01,0.02,4.6,0.53
"26",27.99,8789,0.68,0.19,0.1,0.01,0.02,4.5,0.75,27.99,8907,0.72,0.18,0.03,0.01,0.06,4.5,1.11,15.99,7112,0.78,0.14,0.01,0.01,0.06,4.6,1.02,15.99,9867,0.65,0.27,0.05,0.01,0.02,4.5,0.7
"27",27.99,8261,0.54,0.38,0.03,0.01,0.04,4.4,0.81,27.99,9554,0.8,0.11,0.03,0.01,0.05,4.6,0.97,14.99,8743,0.71,0.16,0.06,0.05,0.02,4.5,0.9,13.99,9617,0.81,0.11,0.02,0.01,0.05,4.6,0.95
"28",25.99,8367,0.86,0.02,0.03,0.04,0.05,4.6,1.16,27.99,8778,0.72,0.21,0.03,0.02,0.02,4.6,0.66,15.99,5393,0.74,0.1,0.08,0.06,0.02,4.5,1.01,13.99,8348,0.75,0.13,0.08,0.02,0.02,4.6,0.71
"29",27.99,9685,0.71,0.2,0.06,0.02,0.01,4.6,0.6,26.99,8171,0.71,0.14,0.05,0.03,0.07,4.4,1.38,14.99,5487,0.63,0.21,0.13,0.01,0.02,4.4,0.85,13.99,5859,0.86,0.03,0.03,0.01,0.07,4.6,1.26
"30",26.99,9398,0.63,0.27,0.08,0.01,0.01,4.5,0.54,26.99,6995,0.73,0.09,0.08,0.08,0.02,4.4,1.15,13.99,9061,0.58,0.31,0.04,0.03,0.04,4.4,0.91,13.99,9168,0.75,0.14,0.03,0.01,0.07,4.5,1.24
"31",27.99,9041,0.73,0.09,0.09,0.04,0.05,4.4,1.31,26.99,5912,0.67,0.16,0.09,0.05,0.03,4.4,1.05,13.99,9894,0.84,0.02,0.02,0.05,0.07,4.5,1.44,14.99,7670,0.63,0.21,0.13,0.01,0.02,4.4,0.85
"32",27.99,6231,0.82,0.04,0.01,0.01,0.12,4.4,1.82,27.99,6941,0.76,0.06,0.04,0.07,0.07,4.4,1.52,13.99,5303,0.71,0.2,0.06,0.02,0.01,4.6,0.6,13.99,8629,0.74,0.14,0.03,0.03,0.06,4.5,1.18
"33",25.99,9464,0.75,0.13,0.08,0.02,0.02,4.6,0.71,25.99,7073,0.86,0.03,0.03,0.01,0.07,4.6,1.26,13.99,8794,0.65,0.27,0.05,0.01,0.02,4.5,0.7,15.99,9550,0.63,0.27,0.08,0.01,0.01,4.5,0.54
"34",25.99,5511,0.83,0.05,0.05,0.01,0.06,4.6,1.12,26.99,6964,0.76,0.11,0.1,0.02,0.01,4.6,0.69,14.99,6348,0.78,0.14,0.02,0.02,0.04,4.6,0.84,14.99,6683,0.61,0.26,0.06,0.04,0.03,4.4,0.95
"35",26.99,5735,0.86,0.03,0.03,0.01,0.07,4.6,1.26,27.99,5962,0.8,0.11,0.03,0.01,0.05,4.6,0.97,15.99,9309,0.63,0.27,0.07,0.02,0.01,4.5,0.57,14.99,6957,0.71,0.13,0.12,0.03,0.01,4.5,0.77
"36",27.99,6703,0.73,0.09,0.09,0.04,0.05,4.4,1.31,27.99,9044,0.66,0.18,0.08,0.04,0.04,4.4,1.08,13.99,8049,0.67,0.21,0.1,0.01,0.01,4.5,0.65,14.99,5748,0.83,0.03,0.03,0.01,0.1,4.5,1.54
"37",26.99,9072,0.8,0.02,0.04,0.06,0.08,4.4,1.64,25.99,7100,0.82,0.04,0.01,0.01,0.12,4.4,1.82,14.99,7396,0.75,0.19,0.01,0.01,0.04,4.6,0.8,15.99,7957,0.63,0.21,0.13,0.01,0.02,4.4,0.85
"38",26.99,8318,0.72,0.18,0.03,0.01,0.06,4.5,1.11,25.99,9990,0.76,0.06,0.04,0.07,0.07,4.4,1.52,14.99,6602,0.71,0.2,0.06,0.02,0.01,4.6,0.6,15.99,9142,0.73,0.09,0.09,0.04,0.05,4.4,1.31
"39",27.99,7522,0.76,0.13,0.05,0.04,0.02,4.6,0.79,25.99,7911,0.82,0.04,0.01,0.01,0.12,4.4,1.82,15.99,8131,0.73,0.12,0.08,0.04,0.03,4.5,0.99,14.99,8174,0.86,0.02,0.03,0.04,0.05,4.6,1.16
"40",27.99,8284,0.76,0.11,0.1,0.02,0.01,4.6,0.69,26.99,9593,0.82,0.04,0.01,0.01,0.12,4.4,1.82,14.99,6923,0.74,0.14,0.03,0.03,0.06,4.5,1.18,13.99,6234,0.72,0.13,0.08,0.05,0.02,4.5,0.93
"41",25.99,8390,0.8,0.02,0.04,0.06,0.08,4.4,1.64,26.99,5905,0.7,0.25,0.02,0.01,0.02,4.6,0.53,14.99,9240,0.67,0.29,0.02,0.01,0.01,4.6,0.46,15.99,6453,0.71,0.16,0.06,0.05,0.02,4.5,0.9
"42",25.99,6623,0.71,0.17,0.02,0.01,0.09,4.4,1.44,26.99,8878,0.8,0.07,0.06,0.05,0.02,4.6,0.88,15.99,5931,0.76,0.11,0.1,0.02,0.01,4.6,0.69,15.99,5390,0.66,0.18,0.08,0.04,0.04,4.4,1.08
"43",27.99,8885,0.8,0.07,0.06,0.05,0.02,4.6,0.88,27.99,7821,0.74,0.1,0.08,0.06,0.02,4.5,1.01,13.99,8135,0.71,0.17,0.02,0.01,0.09,4.4,1.44,15.99,7767,0.69,0.17,0.1,0.03,0.01,4.5,0.81
"44",26.99,6980,0.73,0.12,0.08,0.04,0.03,4.5,0.99,26.99,9054,0.8,0.02,0.04,0.06,0.08,4.4,1.64,13.99,9680,0.75,0.19,0.01,0.01,0.04,4.6,0.8,15.99,9324,0.54,0.38,0.03,0.02,0.03,4.4,0.77
"45",26.99,7494,0.82,0.08,0.02,0.03,0.05,4.6,1.07,26.99,7867,0.67,0.18,0.06,0.05,0.04,4.4,1.11,14.99,6543,0.73,0.09,0.09,0.04,0.05,4.4,1.31,15.99,8045,0.67,0.2,0.04,0.03,0.06,4.4,1.18
"46",26.99,5918,0.54,0.38,0.03,0.02,0.03,4.4,0.77,25.99,7822,0.77,0.09,0.05,0.02,0.07,4.5,1.28,14.99,7938,0.81,0.11,0.02,0.01,0.05,4.6,0.95,15.99,8376,0.81,0.06,0.02,0.04,0.07,4.5,1.35
"47",27.99,8585,0.76,0.06,0.04,0.07,0.07,4.4,1.52,26.99,9072,0.77,0.09,0.05,0.02,0.07,4.5,1.28,15.99,8221,0.8,0.02,0.04,0.06,0.08,4.4,1.64,14.99,8282,0.63,0.27,0.08,0.01,0.01,4.5,0.54
"48",26.99,9251,0.78,0.14,0.01,0.01,0.06,4.6,1.02,26.99,6808,0.58,0.31,0.04,0.03,0.04,4.4,0.91,14.99,5313,0.69,0.17,0.1,0.03,0.01,4.5,0.81,14.99,8084,0.81,0.11,0.02,0.01,0.05,4.6,0.95
"49",25.99,7545,0.79,0.08,0.04,0.02,0.07,4.5,1.31,26.99,7737,0.67,0.2,0.04,0.03,0.06,4.4,1.18,15.99,9834,0.82,0.04,0.01,0.01,0.12,4.4,1.82,15.99,6820,0.73,0.12,0.08,0.04,0.03,4.5,0.99
"50",27.99,9850,0.75,0.19,0.01,0.01,0.04,4.6,0.8,26.99,9452,0.67,0.2,0.04,0.03,0.06,4.4,1.18,15.99,9449,0.83,0.03,0.03,0.01,0.1,4.5,1.54,15.99,5651,0.86,0.03,0.03,0.01,0.07,4.6,1.26
"51",25.99,7658,0.67,0.18,0.06,0.05,0.04,4.4,1.11,27.99,5018,0.63,0.21,0.13,0.01,0.02,4.4,0.85,13.99,9649,0.79,0.08,0.04,0.02,0.07,4.5,1.31,14.99,9491,0.67,0.21,0.1,0.01,0.01,4.5,0.65
"52",27.99,7947,0.67,0.25,0.03,0.02,0.03,4.5,0.84,26.99,5702,0.76,0.06,0.04,0.07,0.07,4.4,1.52,13.99,7515,0.74,0.2,0.01,0.02,0.03,4.6,0.75,14.99,7438,0.72,0.18,0.03,0.01,0.06,4.5,1.11
"53",25.99,5124,0.67,0.21,0.1,0.01,0.01,4.5,0.65,26.99,9539,0.54,0.38,0.03,0.01,0.04,4.4,0.81,13.99,6222,0.74,0.2,0.01,0.02,0.03,4.6,0.75,15.99,7047,0.79,0.08,0.04,0.02,0.07,4.5,1.31
"54",27.99,8394,0.74,0.1,0.08,0.06,0.02,4.5,1.01,27.99,8212,0.74,0.14,0.03,0.03,0.06,4.5,1.18,15.99,6143,0.81,0.06,0.02,0.04,0.07,4.5,1.35,15.99,6529,0.67,0.16,0.09,0.05,0.03,4.4,1.05
"55",25.99,5738,0.8,0.07,0.06,0.05,0.02,4.6,0.88,27.99,6081,0.73,0.12,0.08,0.04,0.03,4.5,0.99,13.99,8863,0.73,0.2,0.03,0.01,0.03,4.6,0.72,15.99,8965,0.76,0.13,0.05,0.04,0.02,4.6,0.79
"56",26.99,7287,0.75,0.14,0.03,0.01,0.07,4.5,1.24,27.99,8405,0.68,0.19,0.1,0.01,0.02,4.5,0.75,15.99,6662,0.74,0.2,0.01,0.02,0.03,4.6,0.75,13.99,8587,0.73,0.09,0.09,0.04,0.05,4.4,1.31
"57",26.99,9057,0.74,0.1,0.08,0.06,0.02,4.5,1.01,25.99,6873,0.63,0.27,0.07,0.02,0.01,4.5,0.57,13.99,6757,0.71,0.2,0.06,0.02,0.01,4.6,0.6,13.99,9471,0.61,0.26,0.06,0.04,0.03,4.4,0.95
"58",26.99,6440,0.8,0.02,0.04,0.06,0.08,4.4,1.64,25.99,6515,0.82,0.08,0.02,0.03,0.05,4.6,1.07,15.99,8863,0.67,0.18,0.06,0.05,0.04,4.4,1.11,13.99,7181,0.63,0.21,0.13,0.01,0.02,4.4,0.85
"59",27.99,7440,0.81,0.06,0.02,0.04,0.07,4.5,1.35,26.99,9352,0.71,0.13,0.12,0.03,0.01,4.5,0.77,15.99,5090,0.71,0.2,0.06,0.02,0.01,4.6,0.6,15.99,9283,0.67,0.21,0.1,0.01,0.01,4.5,0.65
"60",25.99,7015,0.71,0.13,0.12,0.03,0.01,4.5,0.77,25.99,5683,0.67,0.25,0.03,0.02,0.03,4.5,0.84,14.99,5163,0.73,0.1,0.08,0.04,0.05,4.4,1.22,14.99,6800,0.74,0.1,0.08,0.06,0.02,4.5,1.01
"61",27.99,7071,0.63,0.21,0.13,0.01,0.02,4.4,0.85,27.99,6926,0.68,0.19,0.1,0.01,0.02,4.5,0.75,13.99,5721,0.86,0.02,0.03,0.04,0.05,4.6,1.16,14.99,5105,0.65,0.27,0.05,0.01,0.02,4.5,0.7
"62",25.99,7498,0.74,0.1,0.08,0.06,0.02,4.5,1.01,27.99,6984,0.67,0.21,0.1,0.01,0.01,4.5,0.65,15.99,7069,0.75,0.14,0.03,0.01,0.07,4.5,1.24,13.99,6552,0.79,0.08,0.04,0.02,0.07,4.5,1.31
"63",27.99,6261,0.78,0.14,0.01,0.01,0.06,4.6,1.02,25.99,6219,0.69,0.17,0.1,0.03,0.01,4.5,0.81,14.99,5153,0.75,0.13,0.08,0.02,0.02,4.6,0.71,14.99,6875,0.8,0.02,0.04,0.06,0.08,4.4,1.64
"64",27.99,7361,0.73,0.09,0.08,0.08,0.02,4.4,1.15,27.99,5208,0.81,0.06,0.02,0.04,0.07,4.5,1.35,15.99,5622,0.8,0.07,0.06,0.05,0.02,4.6,0.88,13.99,6172,0.74,0.14,0.03,0.03,0.06,4.5,1.18
"65",27.99,7619,0.67,0.2,0.04,0.03,0.06,4.4,1.18,27.99,8652,0.67,0.21,0.1,0.01,0.01,4.5,0.65,15.99,7411,0.72,0.18,0.03,0.01,0.06,4.5,1.11,15.99,9829,0.71,0.14,0.05,0.03,0.07,4.4,1.38
"66",27.99,5896,0.63,0.27,0.07,0.02,0.01,4.5,0.57,27.99,8188,0.55,0.36,0.06,0.01,0.02,4.4,0.69,14.99,7615,0.69,0.17,0.1,0.03,0.01,4.5,0.81,15.99,9519,0.82,0.08,0.02,0.03,0.05,4.6,1.07
"67",26.99,9045,0.8,0.07,0.06,0.05,0.02,4.6,0.88,25.99,8261,0.71,0.16,0.06,0.05,0.02,4.5,0.9,14.99,5748,0.8,0.02,0.04,0.06,0.08,4.4,1.64,15.99,7164,0.83,0.05,0.05,0.01,0.06,4.6,1.12
"68",27.99,6328,0.74,0.2,0.01,0.02,0.03,4.6,0.75,25.99,6478,0.75,0.14,0.03,0.01,0.07,4.5,1.24,13.99,8149,0.86,0.02,0.03,0.04,0.05,4.6,1.16,13.99,6300,0.71,0.13,0.12,0.03,0.01,4.5,0.77
"69",25.99,8798,0.71,0.14,0.05,0.03,0.07,4.4,1.38,25.99,8031,0.65,0.27,0.05,0.01,0.02,4.5,0.7,15.99,9333,0.73,0.1,0.08,0.04,0.05,4.4,1.22,13.99,6938,0.73,0.12,0.08,0.04,0.03,4.5,0.99
"70",26.99,6007,0.54,0.38,0.03,0.01,0.04,4.4,0.81,26.99,8013,0.81,0.06,0.02,0.04,0.07,4.5,1.35,14.99,6366,0.73,0.09,0.08,0.08,0.02,4.4,1.15,15.99,6343,0.74,0.14,0.03,0.03,0.06,4.5,1.18
"71",26.99,7855,0.47,0.47,0.03,0.02,0.01,4.4,0.48,25.99,7049,0.61,0.26,0.06,0.04,0.03,4.4,0.95,14.99,7966,0.74,0.1,0.08,0.06,0.02,4.5,1.01,15.99,9555,0.78,0.14,0.02,0.02,0.04,4.6,0.84
"72",26.99,6492,0.7,0.25,0.02,0.01,0.02,4.6,0.53,25.99,6696,0.8,0.11,0.03,0.01,0.05,4.6,0.97,14.99,5046,0.78,0.14,0.01,0.01,0.06,4.6,1.02,15.99,6456,0.68,0.19,0.1,0.01,0.02,4.5,0.75
"73",25.99,5611,0.63,0.21,0.13,0.01,0.02,4.4,0.85,27.99,5929,0.79,0.08,0.04,0.02,0.07,4.5,1.31,14.99,6877,0.75,0.19,0.01,0.01,0.04,4.6,0.8,13.99,5714,0.79,0.08,0.04,0.02,0.07,4.5,1.31
"74",27.99,5671,0.71,0.13,0.12,0.03,0.01,4.5,0.77,27.99,6107,0.83,0.03,0.03,0.01,0.1,4.5,1.54,13.99,7896,0.67,0.18,0.06,0.05,0.04,4.4,1.11,14.99,5916,0.78,0.14,0.01,0.01,0.06,4.6,1.02
"75",26.99,7651,0.8,0.07,0.07,0.02,0.04,4.6,0.91,25.99,8199,0.74,0.1,0.08,0.06,0.02,4.5,1.01,14.99,8590,0.71,0.13,0.12,0.03,0.01,4.5,0.77,13.99,9746,0.77,0.09,0.05,0.02,0.07,4.5,1.28
"76",26.99,5162,0.8,0.11,0.03,0.01,0.05,4.6,0.97,26.99,6916,0.68,0.19,0.1,0.01,0.02,4.5,0.75,13.99,7477,0.74,0.1,0.08,0.06,0.02,4.5,1.01,15.99,9018,0.83,0.05,0.05,0.01,0.06,4.6,1.12
"77",25.99,5942,0.54,0.38,0.03,0.02,0.03,4.4,0.77,26.99,9838,0.63,0.27,0.08,0.01,0.01,4.5,0.54,15.99,6466,0.67,0.16,0.09,0.05,0.03,4.4,1.05,14.99,8057,0.81,0.06,0.02,0.04,0.07,4.5,1.35
"78",26.99,8421,0.79,0.08,0.04,0.02,0.07,4.5,1.31,27.99,5688,0.75,0.19,0.01,0.01,0.04,4.6,0.8,14.99,8250,0.82,0.04,0.01,0.01,0.12,4.4,1.82,15.99,6457,0.8,0.07,0.07,0.02,0.04,4.6,0.91
"79",27.99,6924,0.58,0.31,0.04,0.03,0.04,4.4,0.91,27.99,5428,0.75,0.14,0.03,0.01,0.07,4.5,1.24,15.99,9831,0.78,0.14,0.02,0.02,0.04,4.6,0.84,15.99,8413,0.75,0.19,0.01,0.01,0.04,4.6,0.8
"80",26.99,8280,0.73,0.09,0.08,0.08,0.02,4.4,1.15,25.99,5294,0.67,0.2,0.04,0.03,0.06,4.4,1.18,15.99,6417,0.71,0.16,0.06,0.05,0.02,4.5,0.9,14.99,5400,0.78,0.14,0.01,0.01,0.06,4.6,1.02
"81",25.99,9969,0.83,0.03,0.03,0.01,0.1,4.5,1.54,26.99,9730,0.86,0.03,0.03,0.01,0.07,4.6,1.26,15.99,8558,0.8,0.07,0.06,0.05,0.02,4.6,0.88,14.99,9777,0.67,0.16,0.09,0.05,0.03,4.4,1.05
"82",26.99,9175,0.54,0.38,0.03,0.02,0.03,4.4,0.77,26.99,9678,0.8,0.07,0.06,0.05,0.02,4.6,0.88,15.99,8155,0.75,0.19,0.01,0.01,0.04,4.6,0.8,14.99,8965,0.86,0.02,0.03,0.04,0.05,4.6,1.16
"83",26.99,9073,0.76,0.13,0.05,0.04,0.02,4.6,0.79,26.99,6952,0.83,0.03,0.03,0.01,0.1,4.5,1.54,13.99,5292,0.65,0.27,0.05,0.01,0.02,4.5,0.7,13.99,6688,0.67,0.18,0.06,0.05,0.04,4.4,1.11
"84",26.99,7841,0.8,0.02,0.04,0.06,0.08,4.4,1.64,26.99,8456,0.71,0.13,0.12,0.03,0.01,4.5,0.77,14.99,7194,0.7,0.25,0.02,0.01,0.02,4.6,0.53,14.99,7526,0.63,0.21,0.13,0.01,0.02,4.4,0.85
"85",27.99,7778,0.54,0.38,0.03,0.01,0.04,4.4,0.81,25.99,7686,0.86,0.02,0.03,0.04,0.05,4.6,1.16,15.99,8747,0.82,0.08,0.02,0.03,0.05,4.6,1.07,13.99,8258,0.71,0.17,0.02,0.01,0.09,4.4,1.44
"86",25.99,5596,0.82,0.08,0.02,0.03,0.05,4.6,1.07,25.99,8233,0.67,0.29,0.02,0.01,0.01,4.6,0.46,15.99,5171,0.58,0.31,0.04,0.03,0.04,4.4,0.91,15.99,8887,0.72,0.13,0.08,0.05,0.02,4.5,0.93
"87",25.99,8047,0.47,0.47,0.03,0.02,0.01,4.4,0.48,26.99,9971,0.71,0.14,0.05,0.03,0.07,4.4,1.38,15.99,9236,0.75,0.19,0.01,0.01,0.04,4.6,0.8,14.99,5092,0.58,0.31,0.04,0.03,0.04,4.4,0.91
"88",27.99,5175,0.61,0.26,0.06,0.04,0.03,4.4,0.95,27.99,6780,0.76,0.13,0.05,0.04,0.02,4.6,0.79,15.99,8100,0.66,0.19,0.07,0.05,0.03,4.4,1,14.99,9252,0.8,0.02,0.04,0.06,0.08,4.4,1.64
"89",25.99,7993,0.8,0.07,0.06,0.05,0.02,4.6,0.88,25.99,9792,0.47,0.47,0.03,0.02,0.01,4.4,0.48,14.99,7990,0.81,0.06,0.02,0.04,0.07,4.5,1.35,14.99,8574,0.67,0.2,0.04,0.03,0.06,4.4,1.18
"90",26.99,9248,0.74,0.1,0.08,0.06,0.02,4.5,1.01,27.99,6211,0.66,0.19,0.07,0.05,0.03,4.4,1,13.99,6926,0.73,0.09,0.08,0.08,0.02,4.4,1.15,15.99,7881,0.75,0.13,0.08,0.02,0.02,4.6,0.71
"91",26.99,9596,0.66,0.19,0.07,0.05,0.03,4.4,1,25.99,7183,0.86,0.02,0.03,0.04,0.05,4.6,1.16,15.99,6250,0.77,0.09,0.05,0.02,0.07,4.5,1.28,15.99,8535,0.74,0.2,0.01,0.02,0.03,4.6,0.75
"92",27.99,8177,0.75,0.13,0.08,0.02,0.02,4.6,0.71,27.99,5459,0.83,0.03,0.03,0.01,0.1,4.5,1.54,14.99,6015,0.84,0.02,0.02,0.05,0.07,4.5,1.44,14.99,9179,0.67,0.21,0.1,0.01,0.01,4.5,0.65
"93",26.99,8200,0.74,0.1,0.08,0.06,0.02,4.5,1.01,26.99,7915,0.8,0.02,0.04,0.06,0.08,4.4,1.64,15.99,6917,0.82,0.08,0.02,0.03,0.05,4.6,1.07,15.99,8086,0.73,0.12,0.08,0.04,0.03,4.5,0.99
"94",27.99,7843,0.69,0.17,0.1,0.03,0.01,4.5,0.81,25.99,6621,0.8,0.11,0.03,0.01,0.05,4.6,0.97,14.99,7862,0.79,0.08,0.04,0.02,0.07,4.5,1.31,13.99,5039,0.78,0.14,0.01,0.01,0.06,4.6,1.02
"95",27.99,8645,0.72,0.21,0.03,0.02,0.02,4.6,0.66,27.99,7495,0.55,0.36,0.06,0.01,0.02,4.4,0.69,15.99,8949,0.69,0.17,0.1,0.03,0.01,4.5,0.81,13.99,6573,0.67,0.21,0.1,0.01,0.01,4.5,0.65
"96",25.99,5619,0.8,0.07,0.06,0.05,0.02,4.6,0.88,27.99,5189,0.8,0.11,0.03,0.01,0.05,4.6,0.97,15.99,5155,0.55,0.36,0.06,0.01,0.02,4.4,0.69,13.99,8248,0.67,0.21,0.1,0.01,0.01,4.5,0.65
"97",25.99,7253,0.72,0.18,0.03,0.01,0.06,4.5,1.11,25.99,9640,0.7,0.25,0.02,0.01,0.02,4.6,0.53,15.99,8288,0.71,0.17,0.02,0.01,0.09,4.4,1.44,13.99,5813,0.67,0.16,0.09,0.05,0.03,4.4,1.05
"98",26.99,7774,0.69,0.17,0.1,0.03,0.01,4.5,0.81,26.99,7630,0.74,0.1,0.08,0.06,0.02,4.5,1.01,15.99,5352,0.83,0.03,0.03,0.01,0.1,4.5,1.54,15.99,9924,0.86,0.03,0.03,0.01,0.07,4.6,1.26
"99",27.99,9813,0.58,0.31,0.04,0.03,0.04,4.4,0.91,25.99,6493,0.67,0.2,0.04,0.03,0.06,4.4,1.18,13.99,6606,0.73,0.12,0.08,0.04,0.03,4.5,0.99,13.99,5601,0.67,0.25,0.03,0.02,0.03,4.5,0.84
"100",27.99,6454,0.67,0.2,0.04,0.03,0.06,4.4,1.18,26.99,6869,0.72,0.18,0.03,0.01,0.06,4.5,1.11,15.99,8190,0.82,0.08,0.02,0.03,0.05,4.6,1.07,13.99,9845,0.67,0.16,0.09,0.05,0.03,4.4,1.05
"101",26.99,7887,0.73,0.1,0.08,0.04,0.05,4.4,1.22,26.99,8783,0.67,0.16,0.09,0.05,0.03,4.4,1.05,13.99,5698,0.71,0.17,0.02,0.01,0.09,4.4,1.44,14.99,7143,0.67,0.18,0.06,0.05,0.04,4.4,1.11
"102",25.99,9679,0.8,0.07,0.07,0.02,0.04,4.6,0.91,25.99,7614,0.8,0.07,0.06,0.05,0.02,4.6,0.88,14.99,7164,0.54,0.38,0.03,0.01,0.04,4.4,0.81,13.99,7544,0.67,0.18,0.06,0.05,0.04,4.4,1.11
"103",27.99,9825,0.74,0.14,0.03,0.03,0.06,4.5,1.18,26.99,5392,0.75,0.14,0.03,0.01,0.07,4.5,1.24,15.99,5388,0.54,0.38,0.03,0.02,0.03,4.4,0.77,13.99,7623,0.71,0.17,0.02,0.01,0.09,4.4,1.44
"104",26.99,8491,0.67,0.18,0.06,0.05,0.04,4.4,1.11,25.99,6213,0.73,0.2,0.03,0.01,0.03,4.6,0.72,13.99,9757,0.8,0.07,0.06,0.05,0.02,4.6,0.88,13.99,8114,0.74,0.2,0.01,0.02,0.03,4.6,0.75
"105",26.99,5347,0.76,0.11,0.1,0.02,0.01,4.6,0.69,27.99,7951,0.77,0.09,0.05,0.02,0.07,4.5,1.28,15.99,5008,0.71,0.14,0.05,0.03,0.07,4.4,1.38,15.99,9015,0.67,0.16,0.09,0.05,0.03,4.4,1.05
"106",25.99,6400,0.67,0.16,0.09,0.05,0.03,4.4,1.05,26.99,8050,0.77,0.09,0.05,0.02,0.07,4.5,1.28,14.99,8350,0.47,0.47,0.03,0.02,0.01,4.4,0.48,15.99,9378,0.86,0.03,0.03,0.01,0.07,4.6,1.26
"107",25.99,7319,0.71,0.13,0.12,0.03,0.01,4.5,0.77,25.99,8208,0.65,0.27,0.05,0.01,0.02,4.5,0.7,14.99,8858,0.71,0.17,0.02,0.01,0.09,4.4,1.44,14.99,5940,0.47,0.47,0.03,0.02,0.01,4.4,0.48
"108",26.99,6038,0.83,0.05,0.05,0.01,0.06,4.6,1.12,27.99,6598,0.73,0.1,0.08,0.04,0.05,4.4,1.22,14.99,9432,0.73,0.2,0.03,0.01,0.03,4.6,0.72,15.99,7921,0.76,0.13,0.05,0.04,0.02,4.6,0.79
"109",26.99,8714,0.73,0.2,0.03,0.01,0.03,4.6,0.72,26.99,5141,0.71,0.16,0.06,0.05,0.02,4.5,0.9,15.99,9075,0.73,0.09,0.08,0.08,0.02,4.4,1.15,15.99,6627,0.73,0.1,0.08,0.04,0.05,4.4,1.22
"110",25.99,8539,0.69,0.17,0.1,0.03,0.01,4.5,0.81,26.99,9040,0.7,0.25,0.02,0.01,0.02,4.6,0.53,14.99,6617,0.7,0.25,0.02,0.01,0.02,4.6,0.53,13.99,7980,0.71,0.16,0.06,0.05,0.02,4.5,0.9
"111",26.99,7811,0.72,0.18,0.03,0.01,0.06,4.5,1.11,25.99,7784,0.86,0.03,0.03,0.01,0.07,4.6,1.26,14.99,8605,0.83,0.05,0.05,0.01,0.06,4.6,1.12,14.99,5504,0.74,0.1,0.08,0.06,0.02,4.5,1.01
"112",26.99,8122,0.68,0.19,0.1,0.01,0.02,4.5,0.75,25.99,6964,0.71,0.13,0.12,0.03,0.01,4.5,0.77,13.99,5430,0.76,0.13,0.05,0.04,0.02,4.6,0.79,14.99,7149,0.67,0.18,0.06,0.05,0.04,4.4,1.11
"113",26.99,9447,0.82,0.04,0.01,0.01,0.12,4.4,1.82,27.99,9999,0.63,0.21,0.13,0.01,0.02,4.4,0.85,14.99,7875,0.74,0.2,0.01,0.02,0.03,4.6,0.75,14.99,6647,0.71,0.14,0.05,0.03,0.07,4.4,1.38
"114",26.99,7172,0.75,0.13,0.08,0.02,0.02,4.6,0.71,27.99,6254,0.69,0.17,0.1,0.03,0.01,4.5,0.81,15.99,5369,0.82,0.04,0.01,0.01,0.12,4.4,1.82,15.99,8764,0.67,0.29,0.02,0.01,0.01,4.6,0.46
"115",25.99,8840,0.58,0.31,0.04,0.03,0.04,4.4,0.91,27.99,5316,0.73,0.09,0.08,0.08,0.02,4.4,1.15,14.99,8529,0.83,0.03,0.03,0.01,0.1,4.5,1.54,14.99,9766,0.75,0.19,0.01,0.01,0.04,4.6,0.8
"116",26.99,6636,0.73,0.2,0.03,0.01,0.03,4.6,0.72,27.99,9031,0.72,0.18,0.03,0.01,0.06,4.5,1.11,13.99,5360,0.65,0.27,0.05,0.01,0.02,4.5,0.7,15.99,6436,0.63,0.27,0.07,0.02,0.01,4.5,0.57
"117",26.99,6202,0.63,0.21,0.13,0.01,0.02,4.4,0.85,25.99,6496,0.77,0.09,0.05,0.02,0.07,4.5,1.28,13.99,9674,0.71,0.13,0.12,0.03,0.01,4.5,0.77,14.99,6483,0.72,0.13,0.08,0.05,0.02,4.5,0.93
"118",25.99,7046,0.82,0.04,0.01,0.01,0.12,4.4,1.82,26.99,5620,0.72,0.21,0.03,0.02,0.02,4.6,0.66,14.99,9455,0.83,0.03,0.03,0.01,0.1,4.5,1.54,15.99,7539,0.71,0.13,0.12,0.03,0.01,4.5,0.77
"119",26.99,7676,0.68,0.19,0.1,0.01,0.02,4.5,0.75,25.99,8026,0.76,0.13,0.05,0.04,0.02,4.6,0.79,13.99,9471,0.77,0.09,0.05,0.02,0.07,4.5,1.28,15.99,6171,0.63,0.27,0.07,0.02,0.01,4.5,0.57
"120",27.99,8391,0.81,0.11,0.02,0.01,0.05,4.6,0.95,25.99,7771,0.67,0.18,0.06,0.05,0.04,4.4,1.11,13.99,8261,0.81,0.06,0.02,0.04,0.07,4.5,1.35,14.99,9794,0.73,0.09,0.08,0.08,0.02,4.4,1.15
"121",26.99,9865,0.76,0.06,0.04,0.07,0.07,4.4,1.52,26.99,9198,0.63,0.27,0.08,0.01,0.01,4.5,0.54,15.99,9264,0.79,0.08,0.04,0.02,0.07,4.5,1.31,13.99,8986,0.84,0.02,0.02,0.05,0.07,4.5,1.44
"122",26.99,6487,0.71,0.17,0.02,0.01,0.09,4.4,1.44,25.99,9030,0.84,0.02,0.02,0.05,0.07,4.5,1.44,14.99,8506,0.67,0.25,0.03,0.02,0.03,4.5,0.84,13.99,9997,0.63,0.21,0.13,0.01,0.02,4.4,0.85
"123",26.99,9739,0.78,0.14,0.02,0.02,0.04,4.6,0.84,27.99,6956,0.71,0.13,0.12,0.03,0.01,4.5,0.77,13.99,9177,0.84,0.02,0.02,0.05,0.07,4.5,1.44,13.99,7725,0.71,0.2,0.06,0.02,0.01,4.6,0.6
"124",26.99,6825,0.75,0.19,0.01,0.01,0.04,4.6,0.8,25.99,7083,0.67,0.2,0.04,0.03,0.06,4.4,1.18,15.99,7536,0.86,0.02,0.03,0.04,0.05,4.6,1.16,15.99,5938,0.54,0.38,0.03,0.02,0.03,4.4,0.77
"125",25.99,5148,0.71,0.2,0.06,0.02,0.01,4.6,0.6,27.99,5477,0.54,0.38,0.03,0.01,0.04,4.4,0.81,14.99,7535,0.81,0.06,0.02,0.04,0.07,4.5,1.35,15.99,7615,0.63,0.27,0.08,0.01,0.01,4.5,0.54
"126",27.99,5265,0.8,0.11,0.03,0.01,0.05,4.6,0.97,27.99,6137,0.55,0.36,0.06,0.01,0.02,4.4,0.69,15.99,5990,0.82,0.04,0.01,0.01,0.12,4.4,1.82,15.99,7135,0.63,0.21,0.13,0.01,0.02,4.4,0.85
"127",25.99,6991,0.67,0.29,0.02,0.01,0.01,4.6,0.46,27.99,6997,0.83,0.03,0.03,0.01,0.1,4.5,1.54,14.99,6442,0.66,0.19,0.07,0.05,0.03,4.4,1,13.99,8177,0.76,0.06,0.04,0.07,0.07,4.4,1.52
"128",25.99,5999,0.67,0.21,0.1,0.01,0.01,4.5,0.65,27.99,8280,0.83,0.05,0.05,0.01,0.06,4.6,1.12,13.99,8800,0.73,0.2,0.03,0.01,0.03,4.6,0.72,14.99,6792,0.7,0.25,0.02,0.01,0.02,4.6,0.53
"129",27.99,5744,0.54,0.38,0.03,0.02,0.03,4.4,0.77,26.99,7643,0.74,0.14,0.03,0.03,0.06,4.5,1.18,14.99,6731,0.8,0.07,0.06,0.05,0.02,4.6,0.88,14.99,8377,0.61,0.26,0.06,0.04,0.03,4.4,0.95
"130",27.99,5841,0.67,0.29,0.02,0.01,0.01,4.6,0.46,25.99,7166,0.74,0.2,0.01,0.02,0.03,4.6,0.75,14.99,7955,0.77,0.09,0.05,0.02,0.07,4.5,1.28,13.99,5342,0.72,0.21,0.03,0.02,0.02,4.6,0.66
"131",25.99,5045,0.72,0.18,0.03,0.01,0.06,4.5,1.11,27.99,5702,0.75,0.13,0.08,0.02,0.02,4.6,0.71,15.99,5902,0.8,0.02,0.04,0.06,0.08,4.4,1.64,13.99,6951,0.69,0.17,0.1,0.03,0.01,4.5,0.81
"132",25.99,9328,0.79,0.08,0.04,0.02,0.07,4.5,1.31,27.99,5656,0.63,0.27,0.08,0.01,0.01,4.5,0.54,15.99,8675,0.58,0.31,0.04,0.03,0.04,4.4,0.91,14.99,6774,0.83,0.03,0.03,0.01,0.1,4.5,1.54
"133",25.99,8732,0.67,0.18,0.06,0.05,0.04,4.4,1.11,26.99,9026,0.67,0.25,0.03,0.02,0.03,4.5,0.84,15.99,7781,0.72,0.13,0.08,0.05,0.02,4.5,0.93,14.99,8140,0.75,0.13,0.08,0.02,0.02,4.6,0.71
"134",26.99,6907,0.47,0.47,0.03,0.02,0.01,4.4,0.48,27.99,5290,0.71,0.13,0.12,0.03,0.01,4.5,0.77,15.99,5979,0.71,0.14,0.05,0.03,0.07,4.4,1.38,15.99,8288,0.65,0.27,0.05,0.01,0.02,4.5,0.7
"135",27.99,9747,0.79,0.08,0.04,0.02,0.07,4.5,1.31,27.99,6735,0.82,0.04,0.01,0.01,0.12,4.4,1.82,13.99,9722,0.83,0.05,0.05,0.01,0.06,4.6,1.12,13.99,8255,0.83,0.05,0.05,0.01,0.06,4.6,1.12
"136",26.99,7113,0.68,0.19,0.1,0.01,0.02,4.5,0.75,25.99,5194,0.69,0.17,0.1,0.03,0.01,4.5,0.81,15.99,9970,0.76,0.06,0.04,0.07,0.07,4.4,1.52,13.99,6773,0.71,0.2,0.06,0.02,0.01,4.6,0.6
"137",26.99,7462,0.8,0.11,0.03,0.01,0.05,4.6,0.97,27.99,9220,0.67,0.21,0.1,0.01,0.01,4.5,0.65,13.99,5779,0.67,0.18,0.06,0.05,0.04,4.4,1.11,13.99,8538,0.71,0.2,0.06,0.02,0.01,4.6,0.6
"138",25.99,5532,0.63,0.27,0.08,0.01,0.01,4.5,0.54,25.99,7781,0.67,0.2,0.04,0.03,0.06,4.4,1.18,13.99,9263,0.81,0.06,0.02,0.04,0.07,4.5,1.35,13.99,5633,0.71,0.2,0.06,0.02,0.01,4.6,0.6
"139",25.99,6482,0.72,0.21,0.03,0.02,0.02,4.6,0.66,25.99,6226,0.66,0.18,0.08,0.04,0.04,4.4,1.08,15.99,9257,0.78,0.14,0.02,0.02,0.04,4.6,0.84,13.99,8461,0.82,0.08,0.02,0.03,0.05,4.6,1.07
"140",27.99,7707,0.54,0.38,0.03,0.01,0.04,4.4,0.81,26.99,6755,0.8,0.11,0.03,0.01,0.05,4.6,0.97,13.99,5414,0.71,0.14,0.05,0.03,0.07,4.4,1.38,15.99,5395,0.8,0.07,0.06,0.05,0.02,4.6,0.88
"141",27.99,6235,0.76,0.06,0.04,0.07,0.07,4.4,1.52,27.99,8602,0.76,0.11,0.1,0.02,0.01,4.6,0.69,14.99,7277,0.8,0.07,0.06,0.05,0.02,4.6,0.88,14.99,7432,0.82,0.08,0.02,0.03,0.05,4.6,1.07
"142",26.99,5652,0.67,0.2,0.04,0.03,0.06,4.4,1.18,26.99,7863,0.8,0.11,0.03,0.01,0.05,4.6,0.97,15.99,5277,0.8,0.07,0.07,0.02,0.04,4.6,0.91,13.99,6234,0.69,0.17,0.1,0.03,0.01,4.5,0.81
"143",27.99,9566,0.86,0.03,0.03,0.01,0.07,4.6,1.26,26.99,7241,0.78,0.14,0.01,0.01,0.06,4.6,1.02,13.99,5225,0.69,0.17,0.1,0.03,0.01,4.5,0.81,14.99,6007,0.75,0.13,0.08,0.02,0.02,4.6,0.71
"144",26.99,8043,0.76,0.06,0.04,0.07,0.07,4.4,1.52,26.99,5376,0.67,0.16,0.09,0.05,0.03,4.4,1.05,13.99,5455,0.79,0.08,0.04,0.02,0.07,4.5,1.31,15.99,8729,0.73,0.2,0.03,0.01,0.03,4.6,0.72
"145",25.99,7073,0.73,0.12,0.08,0.04,0.03,4.5,0.99,26.99,7249,0.67,0.18,0.06,0.05,0.04,4.4,1.11,13.99,5464,0.74,0.2,0.01,0.02,0.03,4.6,0.75,14.99,5178,0.8,0.07,0.07,0.02,0.04,4.6,0.91
"146",25.99,7066,0.74,0.14,0.03,0.03,0.06,4.5,1.18,26.99,5617,0.71,0.13,0.12,0.03,0.01,4.5,0.77,14.99,9299,0.73,0.12,0.08,0.04,0.03,4.5,0.99,14.99,6639,0.63,0.27,0.08,0.01,0.01,4.5,0.54
"147",25.99,5783,0.76,0.11,0.1,0.02,0.01,4.6,0.69,25.99,7207,0.83,0.05,0.05,0.01,0.06,4.6,1.12,13.99,6726,0.47,0.47,0.03,0.02,0.01,4.4,0.48,15.99,7791,0.74,0.1,0.08,0.06,0.02,4.5,1.01
"148",25.99,9259,0.82,0.04,0.01,0.01,0.12,4.4,1.82,26.99,5611,0.84,0.02,0.02,0.05,0.07,4.5,1.44,13.99,5488,0.71,0.14,0.05,0.03,0.07,4.4,1.38,14.99,9193,0.67,0.2,0.04,0.03,0.06,4.4,1.18
"149",25.99,7406,0.71,0.13,0.12,0.03,0.01,4.5,0.77,25.99,5149,0.67,0.21,0.1,0.01,0.01,4.5,0.65,15.99,9218,0.7,0.25,0.02,0.01,0.02,4.6,0.53,14.99,6426,0.63,0.27,0.07,0.02,0.01,4.5,0.57
"150",25.99,8924,0.8,0.07,0.07,0.02,0.04,4.6,0.91,26.99,7358,0.61,0.26,0.06,0.04,0.03,4.4,0.95,14.99,8999,0.69,0.17,0.1,0.03,0.01,4.5,0.81,14.99,8785,0.76,0.13,0.05,0.04,0.02,4.6,0.79
"151",27.99,9325,0.71,0.13,0.12,0.03,0.01,4.5,0.77,27.99,8610,0.71,0.17,0.02,0.01,0.09,4.4,1.44,14.99,9168,0.76,0.13,0.05,0.04,0.02,4.6,0.79,13.99,9996,0.74,0.1,0.08,0.06,0.02,4.5,1.01
"152",25.99,8294,0.61,0.26,0.06,0.04,0.03,4.4,0.95,25.99,5717,0.82,0.08,0.02,0.03,0.05,4.6,1.07,15.99,6856,0.73,0.09,0.09,0.04,0.05,4.4,1.31,14.99,7488,0.71,0.14,0.05,0.03,0.07,4.4,1.38
"153",25.99,8814,0.73,0.09,0.09,0.04,0.05,4.4,1.31,25.99,9052,0.54,0.38,0.03,0.01,0.04,4.4,0.81,14.99,7940,0.67,0.25,0.03,0.02,0.03,4.5,0.84,13.99,7594,0.71,0.17,0.02,0.01,0.09,4.4,1.44
"154",27.99,8714,0.63,0.27,0.08,0.01,0.01,4.5,0.54,25.99,6688,0.82,0.08,0.02,0.03,0.05,4.6,1.07,14.99,7701,0.75,0.14,0.03,0.01,0.07,4.5,1.24,13.99,7259,0.63,0.21,0.13,0.01,0.02,4.4,0.85
"155",25.99,5816,0.72,0.18,0.03,0.01,0.06,4.5,1.11,25.99,9436,0.63,0.21,0.13,0.01,0.02,4.4,0.85,15.99,9776,0.73,0.2,0.03,0.01,0.03,4.6,0.72,15.99,8161,0.84,0.02,0.02,0.05,0.07,4.5,1.44
"156",26.99,8340,0.73,0.09,0.08,0.08,0.02,4.4,1.15,25.99,7885,0.76,0.11,0.1,0.02,0.01,4.6,0.69,14.99,9087,0.71,0.13,0.12,0.03,0.01,4.5,0.77,15.99,9842,0.63,0.21,0.13,0.01,0.02,4.4,0.85
"157",25.99,6619,0.74,0.2,0.01,0.02,0.03,4.6,0.75,27.99,8754,0.58,0.31,0.04,0.03,0.04,4.4,0.91,13.99,7275,0.86,0.02,0.03,0.04,0.05,4.6,1.16,13.99,8107,0.81,0.06,0.02,0.04,0.07,4.5,1.35
"158",26.99,6665,0.63,0.27,0.07,0.02,0.01,4.5,0.57,27.99,9725,0.63,0.27,0.08,0.01,0.01,4.5,0.54,13.99,6631,0.71,0.14,0.05,0.03,0.07,4.4,1.38,14.99,7399,0.67,0.21,0.1,0.01,0.01,4.5,0.65
"159",25.99,7167,0.73,0.09,0.09,0.04,0.05,4.4,1.31,27.99,9491,0.86,0.03,0.03,0.01,0.07,4.6,1.26,15.99,8777,0.73,0.09,0.09,0.04,0.05,4.4,1.31,14.99,8686,0.72,0.13,0.08,0.05,0.02,4.5,0.93
"160",26.99,6991,0.76,0.13,0.05,0.04,0.02,4.6,0.79,25.99,7857,0.67,0.2,0.04,0.03,0.06,4.4,1.18,14.99,7722,0.71,0.2,0.06,0.02,0.01,4.6,0.6,15.99,9323,0.67,0.21,0.1,0.01,0.01,4.5,0.65
"161",26.99,6711,0.78,0.14,0.01,0.01,0.06,4.6,1.02,27.99,9467,0.74,0.2,0.01,0.02,0.03,4.6,0.75,14.99,7542,0.84,0.02,0.02,0.05,0.07,4.5,1.44,15.99,6020,0.63,0.21,0.13,0.01,0.02,4.4,0.85
"162",25.99,6944,0.67,0.21,0.1,0.01,0.01,4.5,0.65,26.99,9144,0.71,0.17,0.02,0.01,0.09,4.4,1.44,14.99,8560,0.47,0.47,0.03,0.02,0.01,4.4,0.48,14.99,7157,0.67,0.18,0.06,0.05,0.04,4.4,1.11
"163",25.99,7145,0.47,0.47,0.03,0.02,0.01,4.4,0.48,27.99,5152,0.76,0.06,0.04,0.07,0.07,4.4,1.52,14.99,6243,0.8,0.07,0.07,0.02,0.04,4.6,0.91,15.99,9767,0.76,0.06,0.04,0.07,0.07,4.4,1.52
"164",25.99,9454,0.84,0.02,0.02,0.05,0.07,4.5,1.44,26.99,7583,0.65,0.27,0.05,0.01,0.02,4.5,0.7,13.99,6724,0.8,0.07,0.06,0.05,0.02,4.6,0.88,15.99,6972,0.67,0.29,0.02,0.01,0.01,4.6,0.46
"165",27.99,5487,0.73,0.09,0.09,0.04,0.05,4.4,1.31,25.99,5390,0.79,0.08,0.04,0.02,0.07,4.5,1.31,13.99,6657,0.73,0.12,0.08,0.04,0.03,4.5,0.99,14.99,8090,0.67,0.18,0.06,0.05,0.04,4.4,1.11
"166",26.99,9285,0.83,0.05,0.05,0.01,0.06,4.6,1.12,26.99,5671,0.54,0.38,0.03,0.01,0.04,4.4,0.81,15.99,6180,0.54,0.38,0.03,0.01,0.04,4.4,0.81,14.99,7647,0.71,0.13,0.12,0.03,0.01,4.5,0.77
"167",27.99,5048,0.73,0.12,0.08,0.04,0.03,4.5,0.99,25.99,8408,0.8,0.07,0.07,0.02,0.04,4.6,0.91,15.99,6247,0.55,0.36,0.06,0.01,0.02,4.4,0.69,13.99,8891,0.47,0.47,0.03,0.02,0.01,4.4,0.48
"168",26.99,9827,0.86,0.03,0.03,0.01,0.07,4.6,1.26,27.99,5049,0.75,0.14,0.03,0.01,0.07,4.5,1.24,15.99,5151,0.54,0.38,0.03,0.02,0.03,4.4,0.77,14.99,8034,0.8,0.07,0.07,0.02,0.04,4.6,0.91
"169",27.99,8662,0.75,0.13,0.08,0.02,0.02,4.6,0.71,27.99,7562,0.72,0.18,0.03,0.01,0.06,4.5,1.11,15.99,9839,0.72,0.21,0.03,0.02,0.02,4.6,0.66,14.99,6260,0.47,0.47,0.03,0.02,0.01,4.4,0.48
"170",26.99,7095,0.54,0.38,0.03,0.01,0.04,4.4,0.81,25.99,5974,0.75,0.14,0.03,0.01,0.07,4.5,1.24,14.99,9843,0.63,0.21,0.13,0.01,0.02,4.4,0.85,15.99,8137,0.73,0.09,0.08,0.08,0.02,4.4,1.15
"171",26.99,5536,0.78,0.14,0.02,0.02,0.04,4.6,0.84,25.99,5450,0.73,0.1,0.08,0.04,0.05,4.4,1.22,14.99,5986,0.63,0.27,0.07,0.02,0.01,4.5,0.57,14.99,6760,0.74,0.2,0.01,0.02,0.03,4.6,0.75
"172",25.99,7334,0.86,0.02,0.03,0.04,0.05,4.6,1.16,27.99,5079,0.58,0.31,0.04,0.03,0.04,4.4,0.91,15.99,9063,0.73,0.09,0.08,0.08,0.02,4.4,1.15,13.99,9365,0.67,0.25,0.03,0.02,0.03,4.5,0.84
"173",26.99,8586,0.77,0.09,0.05,0.02,0.07,4.5,1.28,26.99,7854,0.67,0.25,0.03,0.02,0.03,4.5,0.84,14.99,6350,0.76,0.11,0.1,0.02,0.01,4.6,0.69,13.99,6088,0.67,0.18,0.06,0.05,0.04,4.4,1.11
"174",26.99,9250,0.71,0.13,0.12,0.03,0.01,4.5,0.77,26.99,7185,0.72,0.18,0.03,0.01,0.06,4.5,1.11,13.99,8402,0.65,0.27,0.05,0.01,0.02,4.5,0.7,13.99,7844,0.76,0.13,0.05,0.04,0.02,4.6,0.79
"175",27.99,5063,0.78,0.14,0.02,0.02,0.04,4.6,0.84,26.99,5133,0.63,0.21,0.13,0.01,0.02,4.4,0.85,15.99,9059,0.74,0.1,0.08,0.06,0.02,4.5,1.01,15.99,9987,0.67,0.25,0.03,0.02,0.03,4.5,0.84
"176",26.99,6414,0.63,0.27,0.08,0.01,0.01,4.5,0.54,27.99,9021,0.71,0.14,0.05,0.03,0.07,4.4,1.38,15.99,5432,0.84,0.02,0.02,0.05,0.07,4.5,1.44,15.99,5085,0.74,0.14,0.03,0.03,0.06,4.5,1.18
"177",25.99,6192,0.61,0.26,0.06,0.04,0.03,4.4,0.95,26.99,9262,0.54,0.38,0.03,0.01,0.04,4.4,0.81,13.99,9607,0.67,0.2,0.04,0.03,0.06,4.4,1.18,13.99,7542,0.75,0.19,0.01,0.01,0.04,4.6,0.8
"178",26.99,7296,0.82,0.04,0.01,0.01,0.12,4.4,1.82,25.99,6873,0.63,0.27,0.07,0.02,0.01,4.5,0.57,13.99,5425,0.77,0.09,0.05,0.02,0.07,4.5,1.28,14.99,6092,0.78,0.14,0.02,0.02,0.04,4.6,0.84
"179",26.99,9281,0.76,0.06,0.04,0.07,0.07,4.4,1.52,26.99,8850,0.71,0.14,0.05,0.03,0.07,4.4,1.38,13.99,5828,0.76,0.11,0.1,0.02,0.01,4.6,0.69,14.99,7221,0.74,0.2,0.01,0.02,0.03,4.6,0.75
"180",25.99,8840,0.74,0.2,0.01,0.02,0.03,4.6,0.75,26.99,9823,0.82,0.04,0.01,0.01,0.12,4.4,1.82,15.99,6609,0.73,0.09,0.08,0.08,0.02,4.4,1.15,13.99,6027,0.79,0.08,0.04,0.02,0.07,4.5,1.31
"181",26.99,9357,0.54,0.38,0.03,0.02,0.03,4.4,0.77,27.99,7098,0.86,0.03,0.03,0.01,0.07,4.6,1.26,13.99,7793,0.67,0.25,0.03,0.02,0.03,4.5,0.84,13.99,5661,0.82,0.04,0.01,0.01,0.12,4.4,1.82
"182",25.99,5273,0.67,0.2,0.04,0.03,0.06,4.4,1.18,25.99,9770,0.78,0.14,0.02,0.02,0.04,4.6,0.84,14.99,9541,0.73,0.2,0.03,0.01,0.03,4.6,0.72,13.99,7281,0.71,0.16,0.06,0.05,0.02,4.5,0.9
"183",27.99,6761,0.83,0.03,0.03,0.01,0.1,4.5,1.54,25.99,7507,0.8,0.07,0.07,0.02,0.04,4.6,0.91,14.99,5677,0.75,0.13,0.08,0.02,0.02,4.6,0.71,13.99,9558,0.67,0.16,0.09,0.05,0.03,4.4,1.05
"184",26.99,8912,0.67,0.29,0.02,0.01,0.01,4.6,0.46,27.99,7429,0.67,0.16,0.09,0.05,0.03,4.4,1.05,15.99,5701,0.77,0.09,0.05,0.02,0.07,4.5,1.28,15.99,7214,0.55,0.36,0.06,0.01,0.02,4.4,0.69
"185",26.99,9335,0.78,0.14,0.01,0.01,0.06,4.6,1.02,26.99,6093,0.78,0.14,0.01,0.01,0.06,4.6,1.02,15.99,9266,0.72,0.21,0.03,0.02,0.02,4.6,0.66,13.99,9486,0.67,0.2,0.04,0.03,0.06,4.4,1.18
"186",26.99,5617,0.76,0.11,0.1,0.02,0.01,4.6,0.69,27.99,5789,0.75,0.19,0.01,0.01,0.04,4.6,0.8,14.99,8173,0.67,0.29,0.02,0.01,0.01,4.6,0.46,13.99,8616,0.67,0.2,0.04,0.03,0.06,4.4,1.18
"187",25.99,8785,0.72,0.13,0.08,0.05,0.02,4.5,0.93,27.99,8183,0.54,0.38,0.03,0.02,0.03,4.4,0.77,13.99,6012,0.65,0.27,0.05,0.01,0.02,4.5,0.7,15.99,5179,0.72,0.18,0.03,0.01,0.06,4.5,1.11
"188",26.99,7059,0.75,0.14,0.03,0.01,0.07,4.5,1.24,26.99,7079,0.72,0.21,0.03,0.02,0.02,4.6,0.66,14.99,5895,0.75,0.19,0.01,0.01,0.04,4.6,0.8,14.99,6464,0.78,0.14,0.02,0.02,0.04,4.6,0.84
"189",27.99,5685,0.75,0.13,0.08,0.02,0.02,4.6,0.71,25.99,8708,0.69,0.17,0.1,0.03,0.01,4.5,0.81,15.99,5740,0.73,0.1,0.08,0.04,0.05,4.4,1.22,14.99,6288,0.81,0.11,0.02,0.01,0.05,4.6,0.95
"190",27.99,5753,0.66,0.19,0.07,0.05,0.03,4.4,1,27.99,7455,0.54,0.38,0.03,0.01,0.04,4.4,0.81,13.99,7865,0.73,0.2,0.03,0.01,0.03,4.6,0.72,15.99,8780,0.74,0.14,0.03,0.03,0.06,4.5,1.18
"191",26.99,9026,0.82,0.08,0.02,0.03,0.05,4.6,1.07,26.99,5298,0.75,0.19,0.01,0.01,0.04,4.6,0.8,14.99,8344,0.75,0.14,0.03,0.01,0.07,4.5,1.24,14.99,6562,0.67,0.21,0.1,0.01,0.01,4.5,0.65
"192",26.99,7338,0.79,0.08,0.04,0.02,0.07,4.5,1.31,26.99,8998,0.7,0.25,0.02,0.01,0.02,4.6,0.53,13.99,6513,0.7,0.25,0.02,0.01,0.02,4.6,0.53,13.99,9567,0.75,0.14,0.03,0.01,0.07,4.5,1.24
"193",25.99,5909,0.58,0.31,0.04,0.03,0.04,4.4,0.91,26.99,6333,0.81,0.06,0.02,0.04,0.07,4.5,1.35,14.99,5016,0.54,0.38,0.03,0.01,0.04,4.4,0.81,14.99,6449,0.83,0.03,0.03,0.01,0.1,4.5,1.54
"194",27.99,8848,0.74,0.2,0.01,0.02,0.03,4.6,0.75,27.99,8374,0.72,0.13,0.08,0.05,0.02,4.5,0.93,15.99,5676,0.83,0.05,0.05,0.01,0.06,4.6,1.12,15.99,7034,0.71,0.13,0.12,0.03,0.01,4.5,0.77
"195",26.99,6006,0.81,0.11,0.02,0.01,0.05,4.6,0.95,25.99,6345,0.65,0.27,0.05,0.01,0.02,4.5,0.7,13.99,5334,0.72,0.21,0.03,0.02,0.02,4.6,0.66,13.99,9553,0.63,0.27,0.08,0.01,0.01,4.5,0.54
"196",27.99,5435,0.67,0.2,0.04,0.03,0.06,4.4,1.18,27.99,6346,0.83,0.03,0.03,0.01,0.1,4.5,1.54,15.99,8528,0.65,0.27,0.05,0.01,0.02,4.5,0.7,13.99,7578,0.76,0.11,0.1,0.02,0.01,4.6,0.69
"197",25.99,6446,0.65,0.27,0.05,0.01,0.02,4.5,0.7,25.99,6374,0.67,0.18,0.06,0.05,0.04,4.4,1.11,15.99,9268,0.8,0.02,0.04,0.06,0.08,4.4,1.64,14.99,5792,0.81,0.06,0.02,0.04,0.07,4.5,1.35
"198",25.99,6736,0.76,0.06,0.04,0.07,0.07,4.4,1.52,26.99,8231,0.73,0.09,0.08,0.08,0.02,4.4,1.15,14.99,7272,0.82,0.04,0.01,0.01,0.12,4.4,1.82,14.99,9101,0.77,0.09,0.05,0.02,0.07,4.5,1.28
"199",26.99,9434,0.83,0.05,0.05,0.01,0.06,4.6,1.12,25.99,7309,0.54,0.38,0.03,0.01,0.04,4.4,0.81,15.99,8082,0.71,0.14,0.05,0.03,0.07,4.4,1.38,14.99,8877,0.76,0.06,0.04,0.07,0.07,4.4,1.52
"200",27.99,7443,0.72,0.13,0.08,0.05,0.02,4.5,0.93,26.99,5487,0.54,0.38,0.03,0.02,0.03,4.4,0.77,15.99,6505,0.73,0.09,0.08,0.08,0.02,4.4,1.15,15.99,8580,0.71,0.14,0.05,0.03,0.07,4.4,1.38
"201",26.99,9717,0.55,0.36,0.06,0.01,0.02,4.4,0.69,27.99,8730,0.83,0.05,0.05,0.01,0.06,4.6,1.12,14.99,5604,0.66,0.19,0.07,0.05,0.03,4.4,1,13.99,5662,0.76,0.11,0.1,0.02,0.01,4.6,0.69
"202",27.99,5816,0.73,0.09,0.09,0.04,0.05,4.4,1.31,27.99,5420,0.73,0.09,0.08,0.08,0.02,4.4,1.15,14.99,8958,0.73,0.09,0.09,0.04,0.05,4.4,1.31,15.99,7433,0.75,0.19,0.01,0.01,0.04,4.6,0.8
"203",25.99,9359,0.67,0.21,0.1,0.01,0.01,4.5,0.65,26.99,7619,0.82,0.08,0.02,0.03,0.05,4.6,1.07,15.99,5242,0.74,0.2,0.01,0.02,0.03,4.6,0.75,13.99,9710,0.74,0.1,0.08,0.06,0.02,4.5,1.01
"204",27.99,8886,0.75,0.14,0.03,0.01,0.07,4.5,1.24,27.99,8913,0.71,0.14,0.05,0.03,0.07,4.4,1.38,14.99,9233,0.74,0.2,0.01,0.02,0.03,4.6,0.75,15.99,9072,0.75,0.14,0.03,0.01,0.07,4.5,1.24
"205",26.99,5403,0.8,0.02,0.04,0.06,0.08,4.4,1.64,27.99,9556,0.82,0.04,0.01,0.01,0.12,4.4,1.82,14.99,9375,0.8,0.07,0.06,0.05,0.02,4.6,0.88,15.99,6710,0.71,0.14,0.05,0.03,0.07,4.4,1.38
"206",27.99,5512,0.54,0.38,0.03,0.02,0.03,4.4,0.77,26.99,5958,0.67,0.21,0.1,0.01,0.01,4.5,0.65,15.99,6778,0.73,0.1,0.08,0.04,0.05,4.4,1.22,13.99,8499,0.54,0.38,0.03,0.01,0.04,4.4,0.81
"207",27.99,5030,0.71,0.16,0.06,0.05,0.02,4.5,0.9,26.99,9941,0.63,0.21,0.13,0.01,0.02,4.4,0.85,13.99,9619,0.8,0.02,0.04,0.06,0.08,4.4,1.64,13.99,7485,0.8,0.02,0.04,0.06,0.08,4.4,1.64
"208",26.99,8806,0.74,0.1,0.08,0.06,0.02,4.5,1.01,27.99,7340,0.79,0.08,0.04,0.02,0.07,4.5,1.31,13.99,9465,0.75,0.19,0.01,0.01,0.04,4.6,0.8,15.99,9604,0.72,0.13,0.08,0.05,0.02,4.5,0.93
"209",27.99,9826,0.58,0.31,0.04,0.03,0.04,4.4,0.91,26.99,7154,0.61,0.26,0.06,0.04,0.03,4.4,0.95,14.99,6040,0.73,0.09,0.08,0.08,0.02,4.4,1.15,13.99,8466,0.86,0.03,0.03,0.01,0.07,4.6,1.26
"210",26.99,5201,0.61,0.26,0.06,0.04,0.03,4.4,0.95,26.99,8159,0.73,0.12,0.08,0.04,0.03,4.5,0.99,15.99,7679,0.66,0.18,0.08,0.04,0.04,4.4,1.08,15.99,7016,0.83,0.05,0.05,0.01,0.06,4.6,1.12
"211",26.99,8331,0.86,0.03,0.03,0.01,0.07,4.6,1.26,26.99,7803,0.71,0.16,0.06,0.05,0.02,4.5,0.9,14.99,5674,0.67,0.25,0.03,0.02,0.03,4.5,0.84,15.99,7013,0.81,0.11,0.02,0.01,0.05,4.6,0.95
"212",25.99,8751,0.47,0.47,0.03,0.02,0.01,4.4,0.48,27.99,6182,0.74,0.1,0.08,0.06,0.02,4.5,1.01,14.99,5448,0.67,0.16,0.09,0.05,0.03,4.4,1.05,15.99,8200,0.75,0.14,0.03,0.01,0.07,4.5,1.24
"213",27.99,6557,0.73,0.1,0.08,0.04,0.05,4.4,1.22,27.99,7299,0.86,0.02,0.03,0.04,0.05,4.6,1.16,14.99,5069,0.69,0.17,0.1,0.03,0.01,4.5,0.81,15.99,5438,0.71,0.2,0.06,0.02,0.01,4.6,0.6
"214",25.99,9312,0.66,0.18,0.08,0.04,0.04,4.4,1.08,26.99,6057,0.82,0.04,0.01,0.01,0.12,4.4,1.82,15.99,5293,0.81,0.11,0.02,0.01,0.05,4.6,0.95,13.99,8575,0.73,0.09,0.09,0.04,0.05,4.4,1.31
"215",25.99,7762,0.55,0.36,0.06,0.01,0.02,4.4,0.69,26.99,5851,0.73,0.1,0.08,0.04,0.05,4.4,1.22,14.99,8793,0.73,0.12,0.08,0.04,0.03,4.5,0.99,13.99,9359,0.78,0.14,0.01,0.01,0.06,4.6,1.02
"216",25.99,8337,0.72,0.21,0.03,0.02,0.02,4.6,0.66,27.99,7291,0.78,0.14,0.01,0.01,0.06,4.6,1.02,14.99,6572,0.76,0.06,0.04,0.07,0.07,4.4,1.52,15.99,8146,0.55,0.36,0.06,0.01,0.02,4.4,0.69
"217",27.99,6712,0.71,0.2,0.06,0.02,0.01,4.6,0.6,27.99,5476,0.8,0.07,0.06,0.05,0.02,4.6,0.88,15.99,9866,0.76,0.06,0.04,0.07,0.07,4.4,1.52,13.99,7211,0.83,0.05,0.05,0.01,0.06,4.6,1.12
"218",25.99,9816,0.73,0.2,0.03,0.01,0.03,4.6,0.72,26.99,6300,0.72,0.18,0.03,0.01,0.06,4.5,1.11,14.99,9475,0.66,0.19,0.07,0.05,0.03,4.4,1,13.99,7914,0.71,0.17,0.02,0.01,0.09,4.4,1.44
"219",25.99,8965,0.86,0.02,0.03,0.04,0.05,4.6,1.16,27.99,7920,0.81,0.06,0.02,0.04,0.07,4.5,1.35,13.99,8823,0.77,0.09,0.05,0.02,0.07,4.5,1.28,14.99,9320,0.66,0.19,0.07,0.05,0.03,4.4,1
"220",27.99,5696,0.63,0.27,0.08,0.01,0.01,4.5,0.54,27.99,7244,0.73,0.1,0.08,0.04,0.05,4.4,1.22,13.99,8929,0.67,0.2,0.04,0.03,0.06,4.4,1.18,13.99,9894,0.63,0.27,0.07,0.02,0.01,4.5,0.57
"221",26.99,9961,0.72,0.13,0.08,0.05,0.02,4.5,0.93,26.99,5727,0.75,0.13,0.08,0.02,0.02,4.6,0.71,15.99,5607,0.84,0.02,0.02,0.05,0.07,4.5,1.44,13.99,9818,0.8,0.02,0.04,0.06,0.08,4.4,1.64
"222",25.99,7384,0.75,0.19,0.01,0.01,0.04,4.6,0.8,25.99,7225,0.63,0.21,0.13,0.01,0.02,4.4,0.85,13.99,8877,0.7,0.25,0.02,0.01,0.02,4.6,0.53,13.99,5972,0.71,0.16,0.06,0.05,0.02,4.5,0.9
"223",27.99,7230,0.81,0.11,0.02,0.01,0.05,4.6,0.95,26.99,5993,0.8,0.02,0.04,0.06,0.08,4.4,1.64,15.99,9691,0.75,0.13,0.08,0.02,0.02,4.6,0.71,14.99,5049,0.76,0.11,0.1,0.02,0.01,4.6,0.69
"224",25.99,9153,0.76,0.06,0.04,0.07,0.07,4.4,1.52,25.99,7307,0.86,0.03,0.03,0.01,0.07,4.6,1.26,13.99,9792,0.58,0.31,0.04,0.03,0.04,4.4,0.91,15.99,7627,0.75,0.14,0.03,0.01,0.07,4.5,1.24
"225",26.99,8127,0.71,0.16,0.06,0.05,0.02,4.5,0.9,25.99,8287,0.73,0.1,0.08,0.04,0.05,4.4,1.22,14.99,6068,0.72,0.21,0.03,0.02,0.02,4.6,0.66,15.99,7683,0.73,0.09,0.09,0.04,0.05,4.4,1.31
"226",26.99,7711,0.71,0.17,0.02,0.01,0.09,4.4,1.44,27.99,8225,0.67,0.2,0.04,0.03,0.06,4.4,1.18,15.99,7802,0.78,0.14,0.02,0.02,0.04,4.6,0.84,13.99,9298,0.54,0.38,0.03,0.02,0.03,4.4,0.77
"227",25.99,7467,0.72,0.13,0.08,0.05,0.02,4.5,0.93,25.99,5981,0.76,0.06,0.04,0.07,0.07,4.4,1.52,15.99,7084,0.63,0.27,0.07,0.02,0.01,4.5,0.57,13.99,5837,0.76,0.06,0.04,0.07,0.07,4.4,1.52
"228",25.99,5232,0.72,0.13,0.08,0.05,0.02,4.5,0.93,26.99,5927,0.47,0.47,0.03,0.02,0.01,4.4,0.48,15.99,7828,0.7,0.25,0.02,0.01,0.02,4.6,0.53,15.99,9451,0.71,0.2,0.06,0.02,0.01,4.6,0.6
"229",26.99,9688,0.71,0.17,0.02,0.01,0.09,4.4,1.44,27.99,9704,0.86,0.02,0.03,0.04,0.05,4.6,1.16,13.99,8295,0.78,0.14,0.01,0.01,0.06,4.6,1.02,15.99,8639,0.65,0.27,0.05,0.01,0.02,4.5,0.7
"230",26.99,9119,0.67,0.21,0.1,0.01,0.01,4.5,0.65,25.99,7413,0.67,0.29,0.02,0.01,0.01,4.6,0.46,15.99,9117,0.76,0.13,0.05,0.04,0.02,4.6,0.79,15.99,7506,0.67,0.16,0.09,0.05,0.03,4.4,1.05
"231",25.99,8149,0.55,0.36,0.06,0.01,0.02,4.4,0.69,25.99,8678,0.54,0.38,0.03,0.01,0.04,4.4,0.81,14.99,7028,0.75,0.13,0.08,0.02,0.02,4.6,0.71,15.99,6068,0.58,0.31,0.04,0.03,0.04,4.4,0.91
"232",27.99,8650,0.47,0.47,0.03,0.02,0.01,4.4,0.48,27.99,7913,0.72,0.18,0.03,0.01,0.06,4.5,1.11,14.99,9660,0.61,0.26,0.06,0.04,0.03,4.4,0.95,14.99,6486,0.73,0.09,0.08,0.08,0.02,4.4,1.15
"233",27.99,7129,0.73,0.09,0.08,0.08,0.02,4.4,1.15,26.99,7702,0.63,0.27,0.07,0.02,0.01,4.5,0.57,15.99,7983,0.73,0.09,0.09,0.04,0.05,4.4,1.31,13.99,8147,0.81,0.06,0.02,0.04,0.07,4.5,1.35
"234",27.99,7938,0.67,0.16,0.09,0.05,0.03,4.4,1.05,25.99,9326,0.75,0.13,0.08,0.02,0.02,4.6,0.71,14.99,5065,0.81,0.06,0.02,0.04,0.07,4.5,1.35,13.99,5100,0.71,0.16,0.06,0.05,0.02,4.5,0.9
"235",27.99,9208,0.69,0.17,0.1,0.03,0.01,4.5,0.81,27.99,8522,0.81,0.11,0.02,0.01,0.05,4.6,0.95,13.99,8192,0.78,0.14,0.01,0.01,0.06,4.6,1.02,14.99,5232,0.71,0.13,0.12,0.03,0.01,4.5,0.77
"236",27.99,5131,0.81,0.06,0.02,0.04,0.07,4.5,1.35,25.99,8510,0.86,0.02,0.03,0.04,0.05,4.6,1.16,13.99,5469,0.55,0.36,0.06,0.01,0.02,4.4,0.69,14.99,5780,0.81,0.11,0.02,0.01,0.05,4.6,0.95
"237",25.99,5704,0.84,0.02,0.02,0.05,0.07,4.5,1.44,27.99,8674,0.75,0.14,0.03,0.01,0.07,4.5,1.24,13.99,6459,0.54,0.38,0.03,0.01,0.04,4.4,0.81,14.99,6435,0.82,0.08,0.02,0.03,0.05,4.6,1.07
"238",27.99,7700,0.81,0.06,0.02,0.04,0.07,4.5,1.35,26.99,5776,0.77,0.09,0.05,0.02,0.07,4.5,1.28,15.99,6227,0.72,0.13,0.08,0.05,0.02,4.5,0.93,15.99,8111,0.71,0.13,0.12,0.03,0.01,4.5,0.77
"239",26.99,9796,0.74,0.2,0.01,0.02,0.03,4.6,0.75,26.99,5299,0.76,0.13,0.05,0.04,0.02,4.6,0.79,14.99,5785,0.67,0.29,0.02,0.01,0.01,4.6,0.46,15.99,9683,0.82,0.04,0.01,0.01,0.12,4.4,1.82
"240",25.99,9616,0.71,0.14,0.05,0.03,0.07,4.4,1.38,25.99,6327,0.76,0.11,0.1,0.02,0.01,4.6,0.69,15.99,6187,0.76,0.06,0.04,0.07,0.07,4.4,1.52,14.99,7852,0.78,0.14,0.01,0.01,0.06,4.6,1.02
"241",25.99,7126,0.72,0.21,0.03,0.02,0.02,4.6,0.66,26.99,7581,0.67,0.18,0.06,0.05,0.04,4.4,1.11,13.99,6469,0.67,0.16,0.09,0.05,0.03,4.4,1.05,13.99,8861,0.71,0.14,0.05,0.03,0.07,4.4,1.38
"242",25.99,7289,0.8,0.07,0.07,0.02,0.04,4.6,0.91,25.99,9587,0.8,0.11,0.03,0.01,0.05,4.6,0.97,13.99,6444,0.77,0.09,0.05,0.02,0.07,4.5,1.28,15.99,8032,0.76,0.11,0.1,0.02,0.01,4.6,0.69
"243",25.99,6854,0.75,0.19,0.01,0.01,0.04,4.6,0.8,25.99,6055,0.61,0.26,0.06,0.04,0.03,4.4,0.95,13.99,8628,0.71,0.14,0.05,0.03,0.07,4.4,1.38,15.99,9823,0.72,0.18,0.03,0.01,0.06,4.5,1.11
"244",25.99,7503,0.63,0.27,0.08,0.01,0.01,4.5,0.54,27.99,8499,0.74,0.1,0.08,0.06,0.02,4.5,1.01,14.99,9955,0.77,0.09,0.05,0.02,0.07,4.5,1.28,15.99,9907,0.63,0.21,0.13,0.01,0.02,4.4,0.85
"245",25.99,7409,0.73,0.12,0.08,0.04,0.03,4.5,0.99,27.99,8855,0.75,0.14,0.03,0.01,0.07,4.5,1.24,14.99,8645,0.71,0.17,0.02,0.01,0.09,4.4,1.44,14.99,9660,0.8,0.11,0.03,0.01,0.05,4.6,0.97
"246",26.99,5936,0.8,0.07,0.06,0.05,0.02,4.6,0.88,27.99,6091,0.8,0.07,0.07,0.02,0.04,4.6,0.91,14.99,8513,0.72,0.18,0.03,0.01,0.06,4.5,1.11,13.99,7057,0.78,0.14,0.02,0.02,0.04,4.6,0.84
"247",25.99,6503,0.76,0.13,0.05,0.04,0.02,4.6,0.79,25.99,9682,0.81,0.06,0.02,0.04,0.07,4.5,1.35,15.99,8380,0.76,0.13,0.05,0.04,0.02,4.6,0.79,13.99,6441,0.67,0.29,0.02,0.01,0.01,4.6,0.46
"248",26.99,8875,0.78,0.14,0.02,0.02,0.04,4.6,0.84,27.99,7720,0.72,0.18,0.03,0.01,0.06,4.5,1.11,15.99,7048,0.67,0.21,0.1,0.01,0.01,4.5,0.65,13.99,8780,0.66,0.19,0.07,0.05,0.03,4.4,1
"249",25.99,7902,0.79,0.08,0.04,0.02,0.07,4.5,1.31,26.99,5093,0.76,0.11,0.1,0.02,0.01,4.6,0.69,14.99,8175,0.76,0.13,0.05,0.04,0.02,4.6,0.79,13.99,6158,0.72,0.18,0.03,0.01,0.06,4.5,1.11
"250",25.99,6373,0.8,0.07,0.07,0.02,0.04,4.6,0.91,27.99,9932,0.78,0.14,0.01,0.01,0.06,4.6,1.02,15.99,7638,0.67,0.25,0.03,0.02,0.03,4.5,0.84,14.99,5890,0.86,0.02,0.03,0.04,0.05,4.6,1.16
"251",27.99,5939,0.71,0.14,0.05,0.03,0.07,4.4,1.38,26.99,7561,0.71,0.14,0.05,0.03,0.07,4.4,1.38,14.99,9039,0.71,0.13,0.12,0.03,0.01,4.5,0.77,13.99,8560,0.68,0.19,0.1,0.01,0.02,4.5,0.75
"252",26.99,5917,0.73,0.12,0.08,0.04,0.03,4.5,0.99,27.99,8657,0.73,0.2,0.03,0.01,0.03,4.6,0.72,14.99,7294,0.69,0.17,0.1,0.03,0.01,4.5,0.81,15.99,9185,0.82,0.04,0.01,0.01,0.12,4.4,1.82
"253",27.99,5262,0.75,0.14,0.03,0.01,0.07,4.5,1.24,27.99,6473,0.71,0.16,0.06,0.05,0.02,4.5,0.9,14.99,8040,0.73,0.1,0.08,0.04,0.05,4.4,1.22,15.99,5975,0.83,0.03,0.03,0.01,0.1,4.5,1.54
"254",26.99,5924,0.76,0.13,0.05,0.04,0.02,4.6,0.79,26.99,8723,0.71,0.13,0.12,0.03,0.01,4.5,0.77,13.99,5945,0.71,0.2,0.06,0.02,0.01,4.6,0.6,14.99,8251,0.67,0.29,0.02,0.01,0.01,4.6,0.46
"255",27.99,6887,0.47,0.47,0.03,0.02,0.01,4.4,0.48,25.99,6324,0.8,0.07,0.06,0.05,0.02,4.6,0.88,13.99,5891,0.83,0.03,0.03,0.01,0.1,4.5,1.54,15.99,8196,0.75,0.14,0.03,0.01,0.07,4.5,1.24
"256",27.99,7084,0.67,0.16,0.09,0.05,0.03,4.4,1.05,26.99,7532,0.83,0.03,0.03,0.01,0.1,4.5,1.54,14.99,5379,0.72,0.18,0.03,0.01,0.06,4.5,1.11,15.99,9599,0.83,0.03,0.03,0.01,0.1,4.5,1.54
"257",25.99,9157,0.75,0.13,0.08,0.02,0.02,4.6,0.71,26.99,6830,0.73,0.1,0.08,0.04,0.05,4.4,1.22,13.99,9419,0.67,0.16,0.09,0.05,0.03,4.4,1.05,14.99,6254,0.8,0.11,0.03,0.01,0.05,4.6,0.97
"258",25.99,8291,0.75,0.19,0.01,0.01,0.04,4.6,0.8,26.99,8263,0.7,0.25,0.02,0.01,0.02,4.6,0.53,14.99,9593,0.81,0.06,0.02,0.04,0.07,4.5,1.35,13.99,6539,0.77,0.09,0.05,0.02,0.07,4.5,1.28
"259",25.99,9938,0.7,0.25,0.02,0.01,0.02,4.6,0.53,25.99,6270,0.67,0.21,0.1,0.01,0.01,4.5,0.65,13.99,6000,0.83,0.03,0.03,0.01,0.1,4.5,1.54,13.99,6139,0.84,0.02,0.02,0.05,0.07,4.5,1.44
"260",27.99,9243,0.58,0.31,0.04,0.03,0.04,4.4,0.91,25.99,7160,0.67,0.16,0.09,0.05,0.03,4.4,1.05,14.99,7338,0.73,0.12,0.08,0.04,0.03,4.5,0.99,14.99,6597,0.83,0.03,0.03,0.01,0.1,4.5,1.54
"261",25.99,6631,0.83,0.05,0.05,0.01,0.06,4.6,1.12,27.99,6790,0.61,0.26,0.06,0.04,0.03,4.4,0.95,15.99,5636,0.67,0.16,0.09,0.05,0.03,4.4,1.05,14.99,8285,0.86,0.03,0.03,0.01,0.07,4.6,1.26
"262",25.99,6342,0.79,0.08,0.04,0.02,0.07,4.5,1.31,27.99,6072,0.82,0.08,0.02,0.03,0.05,4.6,1.07,13.99,9031,0.78,0.14,0.02,0.02,0.04,4.6,0.84,13.99,8722,0.82,0.08,0.02,0.03,0.05,4.6,1.07
"263",27.99,5218,0.75,0.13,0.08,0.02,0.02,4.6,0.71,25.99,8644,0.76,0.06,0.04,0.07,0.07,4.4,1.52,15.99,7372,0.79,0.08,0.04,0.02,0.07,4.5,1.31,15.99,9163,0.66,0.18,0.08,0.04,0.04,4.4,1.08
"264",25.99,8214,0.76,0.13,0.05,0.04,0.02,4.6,0.79,25.99,5525,0.71,0.17,0.02,0.01,0.09,4.4,1.44,14.99,7772,0.74,0.14,0.03,0.03,0.06,4.5,1.18,13.99,5406,0.73,0.09,0.09,0.04,0.05,4.4,1.31
"265",25.99,9678,0.71,0.14,0.05,0.03,0.07,4.4,1.38,27.99,6309,0.75,0.19,0.01,0.01,0.04,4.6,0.8,15.99,7757,0.86,0.02,0.03,0.04,0.05,4.6,1.16,14.99,9952,0.8,0.07,0.06,0.05,0.02,4.6,0.88
"266",27.99,8929,0.67,0.25,0.03,0.02,0.03,4.5,0.84,25.99,5170,0.67,0.2,0.04,0.03,0.06,4.4,1.18,14.99,8075,0.78,0.14,0.01,0.01,0.06,4.6,1.02,14.99,7575,0.66,0.19,0.07,0.05,0.03,4.4,1
"267",27.99,6052,0.72,0.21,0.03,0.02,0.02,4.6,0.66,26.99,8543,0.67,0.16,0.09,0.05,0.03,4.4,1.05,13.99,5315,0.73,0.09,0.08,0.08,0.02,4.4,1.15,15.99,8823,0.73,0.2,0.03,0.01,0.03,4.6,0.72
"268",26.99,9403,0.71,0.13,0.12,0.03,0.01,4.5,0.77,25.99,5271,0.83,0.03,0.03,0.01,0.1,4.5,1.54,13.99,9812,0.76,0.06,0.04,0.07,0.07,4.4,1.52,13.99,6428,0.8,0.07,0.07,0.02,0.04,4.6,0.91
"269",25.99,5489,0.77,0.09,0.05,0.02,0.07,4.5,1.28,25.99,7716,0.76,0.13,0.05,0.04,0.02,4.6,0.79,14.99,5170,0.81,0.06,0.02,0.04,0.07,4.5,1.35,13.99,6054,0.79,0.08,0.04,0.02,0.07,4.5,1.31
"270",26.99,7633,0.72,0.13,0.08,0.05,0.02,4.5,0.93,27.99,6470,0.73,0.1,0.08,0.04,0.05,4.4,1.22,14.99,6522,0.67,0.2,0.04,0.03,0.06,4.4,1.18,13.99,6855,0.78,0.14,0.02,0.02,0.04,4.6,0.84
"271",27.99,6869,0.78,0.14,0.02,0.02,0.04,4.6,0.84,26.99,7033,0.8,0.07,0.06,0.05,0.02,4.6,0.88,14.99,9694,0.8,0.02,0.04,0.06,0.08,4.4,1.64,14.99,9099,0.81,0.11,0.02,0.01,0.05,4.6,0.95
"272",27.99,6082,0.73,0.12,0.08,0.04,0.03,4.5,0.99,25.99,8535,0.81,0.11,0.02,0.01,0.05,4.6,0.95,14.99,9163,0.77,0.09,0.05,0.02,0.07,4.5,1.28,14.99,8043,0.75,0.14,0.03,0.01,0.07,4.5,1.24
"273",26.99,7895,0.83,0.03,0.03,0.01,0.1,4.5,1.54,27.99,7233,0.71,0.17,0.02,0.01,0.09,4.4,1.44,14.99,9661,0.61,0.26,0.06,0.04,0.03,4.4,0.95,13.99,9725,0.76,0.11,0.1,0.02,0.01,4.6,0.69
"274",27.99,6063,0.82,0.04,0.01,0.01,0.12,4.4,1.82,25.99,5569,0.81,0.11,0.02,0.01,0.05,4.6,0.95,14.99,8614,0.86,0.03,0.03,0.01,0.07,4.6,1.26,13.99,9509,0.75,0.19,0.01,0.01,0.04,4.6,0.8
"275",27.99,5166,0.78,0.14,0.01,0.01,0.06,4.6,1.02,26.99,6857,0.54,0.38,0.03,0.01,0.04,4.4,0.81,13.99,8666,0.8,0.02,0.04,0.06,0.08,4.4,1.64,14.99,6282,0.71,0.13,0.12,0.03,0.01,4.5,0.77
"276",25.99,6464,0.66,0.18,0.08,0.04,0.04,4.4,1.08,27.99,6701,0.77,0.09,0.05,0.02,0.07,4.5,1.28,13.99,7242,0.74,0.1,0.08,0.06,0.02,4.5,1.01,14.99,5107,0.77,0.09,0.05,0.02,0.07,4.5,1.28
"277",27.99,5307,0.8,0.07,0.06,0.05,0.02,4.6,0.88,27.99,5912,0.65,0.27,0.05,0.01,0.02,4.5,0.7,15.99,6324,0.8,0.02,0.04,0.06,0.08,4.4,1.64,13.99,7195,0.74,0.2,0.01,0.02,0.03,4.6,0.75
"278",27.99,9701,0.8,0.02,0.04,0.06,0.08,4.4,1.64,26.99,5580,0.73,0.09,0.09,0.04,0.05,4.4,1.31,13.99,8122,0.63,0.21,0.13,0.01,0.02,4.4,0.85,15.99,6040,0.8,0.07,0.06,0.05,0.02,4.6,0.88
"279",27.99,7409,0.67,0.18,0.06,0.05,0.04,4.4,1.11,25.99,6636,0.63,0.27,0.08,0.01,0.01,4.5,0.54,14.99,6201,0.82,0.04,0.01,0.01,0.12,4.4,1.82,13.99,9492,0.67,0.2,0.04,0.03,0.06,4.4,1.18
"280",25.99,5389,0.71,0.16,0.06,0.05,0.02,4.5,0.9,27.99,6948,0.7,0.25,0.02,0.01,0.02,4.6,0.53,13.99,7675,0.8,0.11,0.03,0.01,0.05,4.6,0.97,15.99,5399,0.75,0.13,0.08,0.02,0.02,4.6,0.71
"281",27.99,7482,0.76,0.11,0.1,0.02,0.01,4.6,0.69,25.99,7243,0.75,0.19,0.01,0.01,0.04,4.6,0.8,14.99,7865,0.66,0.19,0.07,0.05,0.03,4.4,1,15.99,8391,0.82,0.04,0.01,0.01,0.12,4.4,1.82
"282",25.99,9923,0.81,0.06,0.02,0.04,0.07,4.5,1.35,27.99,6749,0.81,0.06,0.02,0.04,0.07,4.5,1.35,15.99,8892,0.58,0.31,0.04,0.03,0.04,4.4,0.91,14.99,8368,0.74,0.1,0.08,0.06,0.02,4.5,1.01
"283",27.99,9792,0.78,0.14,0.02,0.02,0.04,4.6,0.84,27.99,9220,0.8,0.11,0.03,0.01,0.05,4.6,0.97,14.99,9584,0.71,0.17,0.02,0.01,0.09,4.4,1.44,15.99,9768,0.79,0.08,0.04,0.02,0.07,4.5,1.31
"284",25.99,6148,0.68,0.19,0.1,0.01,0.02,4.5,0.75,27.99,6835,0.63,0.27,0.07,0.02,0.01,4.5,0.57,14.99,9070,0.67,0.2,0.04,0.03,0.06,4.4,1.18,14.99,8480,0.67,0.16,0.09,0.05,0.03,4.4,1.05
"285",27.99,6696,0.79,0.08,0.04,0.02,0.07,4.5,1.31,27.99,8471,0.8,0.02,0.04,0.06,0.08,4.4,1.64,14.99,7262,0.86,0.02,0.03,0.04,0.05,4.6,1.16,13.99,7311,0.72,0.18,0.03,0.01,0.06,4.5,1.11
"286",26.99,8277,0.65,0.27,0.05,0.01,0.02,4.5,0.7,26.99,7309,0.75,0.13,0.08,0.02,0.02,4.6,0.71,13.99,7430,0.71,0.13,0.12,0.03,0.01,4.5,0.77,15.99,7093,0.54,0.38,0.03,0.01,0.04,4.4,0.81
"287",26.99,6871,0.67,0.21,0.1,0.01,0.01,4.5,0.65,25.99,8411,0.73,0.12,0.08,0.04,0.03,4.5,0.99,13.99,8604,0.67,0.29,0.02,0.01,0.01,4.6,0.46,15.99,8426,0.54,0.38,0.03,0.01,0.04,4.4,0.81
"288",27.99,8461,0.82,0.04,0.01,0.01,0.12,4.4,1.82,26.99,8601,0.67,0.29,0.02,0.01,0.01,4.6,0.46,14.99,7406,0.77,0.09,0.05,0.02,0.07,4.5,1.28,13.99,9725,0.75,0.13,0.08,0.02,0.02,4.6,0.71
"289",25.99,7040,0.83,0.03,0.03,0.01,0.1,4.5,1.54,26.99,8816,0.82,0.04,0.01,0.01,0.12,4.4,1.82,14.99,5692,0.58,0.31,0.04,0.03,0.04,4.4,0.91,13.99,9655,0.72,0.21,0.03,0.02,0.02,4.6,0.66
"290",26.99,7555,0.54,0.38,0.03,0.02,0.03,4.4,0.77,25.99,5215,0.73,0.2,0.03,0.01,0.03,4.6,0.72,15.99,9128,0.69,0.17,0.1,0.03,0.01,4.5,0.81,13.99,5541,0.78,0.14,0.02,0.02,0.04,4.6,0.84
"291",27.99,7692,0.67,0.29,0.02,0.01,0.01,4.6,0.46,27.99,5160,0.73,0.09,0.09,0.04,0.05,4.4,1.31,15.99,5424,0.67,0.29,0.02,0.01,0.01,4.6,0.46,15.99,9447,0.73,0.12,0.08,0.04,0.03,4.5,0.99
"292",27.99,7978,0.67,0.16,0.09,0.05,0.03,4.4,1.05,27.99,9349,0.63,0.21,0.13,0.01,0.02,4.4,0.85,13.99,7281,0.76,0.06,0.04,0.07,0.07,4.4,1.52,15.99,9013,0.67,0.25,0.03,0.02,0.03,4.5,0.84
"293",27.99,6191,0.63,0.27,0.08,0.01,0.01,4.5,0.54,26.99,8059,0.71,0.2,0.06,0.02,0.01,4.6,0.6,13.99,6076,0.82,0.08,0.02,0.03,0.05,4.6,1.07,13.99,9571,0.83,0.03,0.03,0.01,0.1,4.5,1.54
"294",27.99,6462,0.77,0.09,0.05,0.02,0.07,4.5,1.28,26.99,9664,0.54,0.38,0.03,0.02,0.03,4.4,0.77,15.99,9604,0.83,0.05,0.05,0.01,0.06,4.6,1.12,15.99,5738,0.65,0.27,0.05,0.01,0.02,4.5,0.7
"295",27.99,5829,0.69,0.17,0.1,0.03,0.01,4.5,0.81,25.99,6830,0.69,0.17,0.1,0.03,0.01,4.5,0.81,13.99,6214,0.66,0.19,0.07,0.05,0.03,4.4,1,14.99,7699,0.65,0.27,0.05,0.01,0.02,4.5,0.7
"296",25.99,9123,0.8,0.07,0.07,0.02,0.04,4.6,0.91,26.99,8222,0.67,0.21,0.1,0.01,0.01,4.5,0.65,15.99,6836,0.8,0.07,0.06,0.05,0.02,4.6,0.88,15.99,9413,0.8,0.11,0.03,0.01,0.05,4.6,0.97
"297",26.99,7945,0.83,0.03,0.03,0.01,0.1,4.5,1.54,26.99,6471,0.76,0.13,0.05,0.04,0.02,4.6,0.79,15.99,7448,0.67,0.2,0.04,0.03,0.06,4.4,1.18,14.99,9880,0.73,0.1,0.08,0.04,0.05,4.4,1.22
"298",25.99,9089,0.73,0.12,0.08,0.04,0.03,4.5,0.99,27.99,7627,0.61,0.26,0.06,0.04,0.03,4.4,0.95,14.99,8023,0.83,0.03,0.03,0.01,0.1,4.5,1.54,14.99,5882,0.78,0.14,0.02,0.02,0.04,4.6,0.84
"299",27.99,6440,0.67,0.18,0.06,0.05,0.04,4.4,1.11,27.99,9579,0.73,0.12,0.08,0.04,0.03,4.5,0.99,13.99,5736,0.73,0.09,0.08,0.08,0.02,4.4,1.15,13.99,7874,0.71,0.16,0.06,0.05,0.02,4.5,0.9
"300",27.99,8371,0.86,0.02,0.03,0.04,0.05,4.6,1.16,25.99,7724,0.67,0.21,0.1,0.01,0.01,4.5,0.65,14.99,7181,0.54,0.38,0.03,0.01,0.04,4.4,0.81,15.99,8604,0.72,0.18,0.03,0.01,0.06,4.5,1.11
"301",27.99,8504,0.77,0.09,0.05,0.02,0.07,4.5,1.28,27.99,8371,0.72,0.18,0.03,0.01,0.06,4.5,1.11,15.99,7795,0.75,0.13,0.08,0.02,0.02,4.6,0.71,14.99,5087,0.67,0.2,0.04,0.03,0.06,4.4,1.18
"302",25.99,9015,0.71,0.14,0.05,0.03,0.07,4.4,1.38,25.99,8174,0.73,0.2,0.03,0.01,0.03,4.6,0.72,15.99,6805,0.8,0.11,0.03,0.01,0.05,4.6,0.97,13.99,5658,0.71,0.14,0.05,0.03,0.07,4.4,1.38
"303",25.99,9880,0.72,0.13,0.08,0.05,0.02,4.5,0.93,26.99,5377,0.78,0.14,0.01,0.01,0.06,4.6,1.02,14.99,6886,0.66,0.18,0.08,0.04,0.04,4.4,1.08,15.99,5344,0.68,0.19,0.1,0.01,0.02,4.5,0.75
"304",25.99,9649,0.67,0.25,0.03,0.02,0.03,4.5,0.84,26.99,5213,0.72,0.18,0.03,0.01,0.06,4.5,1.11,14.99,6977,0.61,0.26,0.06,0.04,0.03,4.4,0.95,14.99,6242,0.83,0.05,0.05,0.01,0.06,4.6,1.12
"305",27.99,9025,0.73,0.09,0.09,0.04,0.05,4.4,1.31,25.99,9261,0.82,0.04,0.01,0.01,0.12,4.4,1.82,14.99,7330,0.63,0.21,0.13,0.01,0.02,4.4,0.85,15.99,6493,0.73,0.2,0.03,0.01,0.03,4.6,0.72
"306",26.99,9578,0.81,0.06,0.02,0.04,0.07,4.5,1.35,27.99,5522,0.67,0.16,0.09,0.05,0.03,4.4,1.05,13.99,9786,0.67,0.29,0.02,0.01,0.01,4.6,0.46,13.99,7045,0.67,0.16,0.09,0.05,0.03,4.4,1.05
"307",26.99,6844,0.74,0.2,0.01,0.02,0.03,4.6,0.75,26.99,9211,0.81,0.11,0.02,0.01,0.05,4.6,0.95,13.99,5195,0.66,0.18,0.08,0.04,0.04,4.4,1.08,15.99,5796,0.73,0.2,0.03,0.01,0.03,4.6,0.72
"308",25.99,9247,0.74,0.14,0.03,0.03,0.06,4.5,1.18,25.99,8632,0.73,0.12,0.08,0.04,0.03,4.5,0.99,15.99,9726,0.73,0.09,0.09,0.04,0.05,4.4,1.31,13.99,5860,0.71,0.17,0.02,0.01,0.09,4.4,1.44
"309",25.99,6175,0.8,0.07,0.07,0.02,0.04,4.6,0.91,27.99,5456,0.67,0.29,0.02,0.01,0.01,4.6,0.46,13.99,8757,0.78,0.14,0.01,0.01,0.06,4.6,1.02,14.99,7389,0.67,0.18,0.06,0.05,0.04,4.4,1.11
"310",27.99,6490,0.84,0.02,0.02,0.05,0.07,4.5,1.44,27.99,7628,0.76,0.11,0.1,0.02,0.01,4.6,0.69,13.99,5735,0.54,0.38,0.03,0.02,0.03,4.4,0.77,14.99,7538,0.73,0.12,0.08,0.04,0.03,4.5,0.99
"311",27.99,5569,0.76,0.13,0.05,0.04,0.02,4.6,0.79,25.99,5234,0.55,0.36,0.06,0.01,0.02,4.4,0.69,15.99,7856,0.81,0.11,0.02,0.01,0.05,4.6,0.95,15.99,8967,0.83,0.03,0.03,0.01,0.1,4.5,1.54
"312",26.99,9312,0.71,0.16,0.06,0.05,0.02,4.5,0.9,27.99,9321,0.73,0.2,0.03,0.01,0.03,4.6,0.72,14.99,7800,0.73,0.09,0.08,0.08,0.02,4.4,1.15,14.99,9134,0.68,0.19,0.1,0.01,0.02,4.5,0.75
"313",26.99,5232,0.86,0.02,0.03,0.04,0.05,4.6,1.16,25.99,7182,0.81,0.11,0.02,0.01,0.05,4.6,0.95,14.99,9901,0.63,0.27,0.08,0.01,0.01,4.5,0.54,14.99,8211,0.81,0.11,0.02,0.01,0.05,4.6,0.95
"314",26.99,5469,0.54,0.38,0.03,0.02,0.03,4.4,0.77,27.99,6508,0.63,0.27,0.07,0.02,0.01,4.5,0.57,13.99,5992,0.75,0.14,0.03,0.01,0.07,4.5,1.24,14.99,6768,0.81,0.11,0.02,0.01,0.05,4.6,0.95
"315",26.99,5859,0.79,0.08,0.04,0.02,0.07,4.5,1.31,25.99,7623,0.71,0.14,0.05,0.03,0.07,4.4,1.38,14.99,6378,0.67,0.29,0.02,0.01,0.01,4.6,0.46,14.99,8786,0.63,0.27,0.07,0.02,0.01,4.5,0.57
"316",25.99,9090,0.74,0.2,0.01,0.02,0.03,4.6,0.75,25.99,9895,0.79,0.08,0.04,0.02,0.07,4.5,1.31,15.99,9234,0.67,0.21,0.1,0.01,0.01,4.5,0.65,13.99,9912,0.71,0.16,0.06,0.05,0.02,4.5,0.9
"317",25.99,7548,0.66,0.18,0.08,0.04,0.04,4.4,1.08,27.99,7760,0.67,0.16,0.09,0.05,0.03,4.4,1.05,15.99,5491,0.73,0.1,0.08,0.04,0.05,4.4,1.22,14.99,7149,0.75,0.14,0.03,0.01,0.07,4.5,1.24
"318",25.99,9614,0.84,0.02,0.02,0.05,0.07,4.5,1.44,25.99,7179,0.67,0.2,0.04,0.03,0.06,4.4,1.18,15.99,9110,0.75,0.14,0.03,0.01,0.07,4.5,1.24,14.99,5283,0.63,0.27,0.07,0.02,0.01,4.5,0.57
"319",26.99,8114,0.72,0.18,0.03,0.01,0.06,4.5,1.11,27.99,9836,0.8,0.11,0.03,0.01,0.05,4.6,0.97,15.99,8895,0.8,0.02,0.04,0.06,0.08,4.4,1.64,15.99,7480,0.78,0.14,0.02,0.02,0.04,4.6,0.84
"320",26.99,9979,0.66,0.19,0.07,0.05,0.03,4.4,1,25.99,8258,0.76,0.11,0.1,0.02,0.01,4.6,0.69,14.99,7687,0.69,0.17,0.1,0.03,0.01,4.5,0.81,13.99,6002,0.74,0.2,0.01,0.02,0.03,4.6,0.75
"321",26.99,6961,0.86,0.03,0.03,0.01,0.07,4.6,1.26,26.99,7139,0.86,0.02,0.03,0.04,0.05,4.6,1.16,14.99,9158,0.73,0.1,0.08,0.04,0.05,4.4,1.22,13.99,5641,0.67,0.29,0.02,0.01,0.01,4.6,0.46
"322",26.99,9633,0.8,0.07,0.06,0.05,0.02,4.6,0.88,27.99,5426,0.7,0.25,0.02,0.01,0.02,4.6,0.53,13.99,8744,0.67,0.2,0.04,0.03,0.06,4.4,1.18,13.99,5626,0.75,0.14,0.03,0.01,0.07,4.5,1.24
"323",26.99,6822,0.67,0.18,0.06,0.05,0.04,4.4,1.11,27.99,9589,0.75,0.14,0.03,0.01,0.07,4.5,1.24,13.99,9884,0.72,0.18,0.03,0.01,0.06,4.5,1.11,14.99,8223,0.71,0.13,0.12,0.03,0.01,4.5,0.77
"324",27.99,9673,0.47,0.47,0.03,0.02,0.01,4.4,0.48,27.99,8096,0.74,0.2,0.01,0.02,0.03,4.6,0.75,14.99,5328,0.84,0.02,0.02,0.05,0.07,4.5,1.44,15.99,9800,0.73,0.2,0.03,0.01,0.03,4.6,0.72
"325",26.99,7625,0.82,0.04,0.01,0.01,0.12,4.4,1.82,27.99,7696,0.8,0.11,0.03,0.01,0.05,4.6,0.97,14.99,6632,0.72,0.18,0.03,0.01,0.06,4.5,1.11,14.99,8249,0.76,0.11,0.1,0.02,0.01,4.6,0.69
"326",25.99,6495,0.71,0.2,0.06,0.02,0.01,4.6,0.6,25.99,8335,0.67,0.18,0.06,0.05,0.04,4.4,1.11,13.99,7364,0.73,0.09,0.09,0.04,0.05,4.4,1.31,14.99,6866,0.81,0.11,0.02,0.01,0.05,4.6,0.95
"327",25.99,9015,0.7,0.25,0.02,0.01,0.02,4.6,0.53,25.99,8218,0.63,0.21,0.13,0.01,0.02,4.4,0.85,14.99,8241,0.74,0.1,0.08,0.06,0.02,4.5,1.01,13.99,6460,0.67,0.21,0.1,0.01,0.01,4.5,0.65
"328",25.99,6462,0.67,0.21,0.1,0.01,0.01,4.5,0.65,27.99,6287,0.61,0.26,0.06,0.04,0.03,4.4,0.95,15.99,5953,0.66,0.19,0.07,0.05,0.03,4.4,1,14.99,7200,0.86,0.02,0.03,0.04,0.05,4.6,1.16
"329",26.99,8509,0.75,0.19,0.01,0.01,0.04,4.6,0.8,26.99,7255,0.74,0.14,0.03,0.03,0.06,4.5,1.18,13.99,5504,0.73,0.09,0.09,0.04,0.05,4.4,1.31,13.99,9516,0.77,0.09,0.05,0.02,0.07,4.5,1.28
"330",27.99,9348,0.83,0.03,0.03,0.01,0.1,4.5,1.54,27.99,8561,0.84,0.02,0.02,0.05,0.07,4.5,1.44,13.99,9058,0.68,0.19,0.1,0.01,0.02,4.5,0.75,14.99,8510,0.74,0.2,0.01,0.02,0.03,4.6,0.75
"331",27.99,7801,0.8,0.11,0.03,0.01,0.05,4.6,0.97,27.99,9926,0.81,0.06,0.02,0.04,0.07,4.5,1.35,14.99,9770,0.63,0.21,0.13,0.01,0.02,4.4,0.85,13.99,9948,0.7,0.25,0.02,0.01,0.02,4.6,0.53
"332",27.99,5030,0.83,0.05,0.05,0.01,0.06,4.6,1.12,27.99,6172,0.66,0.19,0.07,0.05,0.03,4.4,1,15.99,5108,0.55,0.36,0.06,0.01,0.02,4.4,0.69,15.99,5783,0.71,0.17,0.02,0.01,0.09,4.4,1.44
"333",25.99,6784,0.81,0.06,0.02,0.04,0.07,4.5,1.35,26.99,7286,0.72,0.18,0.03,0.01,0.06,4.5,1.11,13.99,8749,0.67,0.29,0.02,0.01,0.01,4.6,0.46,15.99,5859,0.67,0.25,0.03,0.02,0.03,4.5,0.84
"334",26.99,6906,0.58,0.31,0.04,0.03,0.04,4.4,0.91,25.99,5962,0.67,0.29,0.02,0.01,0.01,4.6,0.46,14.99,5882,0.66,0.19,0.07,0.05,0.03,4.4,1,13.99,8477,0.67,0.21,0.1,0.01,0.01,4.5,0.65
"335",25.99,5784,0.67,0.29,0.02,0.01,0.01,4.6,0.46,27.99,9468,0.67,0.16,0.09,0.05,0.03,4.4,1.05,15.99,5363,0.73,0.09,0.08,0.08,0.02,4.4,1.15,14.99,7094,0.81,0.11,0.02,0.01,0.05,4.6,0.95
"336",27.99,6582,0.74,0.14,0.03,0.03,0.06,4.5,1.18,27.99,5454,0.82,0.08,0.02,0.03,0.05,4.6,1.07,13.99,6582,0.71,0.13,0.12,0.03,0.01,4.5,0.77,14.99,8723,0.79,0.08,0.04,0.02,0.07,4.5,1.31
"337",27.99,9157,0.55,0.36,0.06,0.01,0.02,4.4,0.69,25.99,5688,0.84,0.02,0.02,0.05,0.07,4.5,1.44,14.99,6070,0.63,0.21,0.13,0.01,0.02,4.4,0.85,13.99,9399,0.86,0.03,0.03,0.01,0.07,4.6,1.26
"338",25.99,7322,0.78,0.14,0.01,0.01,0.06,4.6,1.02,25.99,6394,0.72,0.21,0.03,0.02,0.02,4.6,0.66,14.99,9827,0.73,0.12,0.08,0.04,0.03,4.5,0.99,13.99,9611,0.63,0.27,0.07,0.02,0.01,4.5,0.57
"339",26.99,6257,0.71,0.17,0.02,0.01,0.09,4.4,1.44,27.99,9425,0.63,0.27,0.07,0.02,0.01,4.5,0.57,13.99,7952,0.55,0.36,0.06,0.01,0.02,4.4,0.69,15.99,7652,0.8,0.07,0.06,0.05,0.02,4.6,0.88
"340",25.99,8921,0.47,0.47,0.03,0.02,0.01,4.4,0.48,25.99,9026,0.67,0.25,0.03,0.02,0.03,4.5,0.84,14.99,9027,0.71,0.17,0.02,0.01,0.09,4.4,1.44,14.99,8225,0.76,0.13,0.05,0.04,0.02,4.6,0.79
"341",26.99,9818,0.71,0.16,0.06,0.05,0.02,4.5,0.9,26.99,5438,0.74,0.2,0.01,0.02,0.03,4.6,0.75,13.99,8649,0.8,0.07,0.06,0.05,0.02,4.6,0.88,15.99,5646,0.74,0.14,0.03,0.03,0.06,4.5,1.18
"342",25.99,9989,0.74,0.1,0.08,0.06,0.02,4.5,1.01,25.99,7951,0.75,0.14,0.03,0.01,0.07,4.5,1.24,14.99,9560,0.75,0.14,0.03,0.01,0.07,4.5,1.24,13.99,5218,0.72,0.13,0.08,0.05,0.02,4.5,0.93
"343",26.99,9102,0.71,0.17,0.02,0.01,0.09,4.4,1.44,26.99,7246,0.79,0.08,0.04,0.02,0.07,4.5,1.31,15.99,5698,0.86,0.02,0.03,0.04,0.05,4.6,1.16,14.99,9191,0.86,0.02,0.03,0.04,0.05,4.6,1.16
"344",25.99,7958,0.71,0.13,0.12,0.03,0.01,4.5,0.77,25.99,5759,0.74,0.2,0.01,0.02,0.03,4.6,0.75,14.99,9964,0.71,0.16,0.06,0.05,0.02,4.5,0.9,13.99,7348,0.67,0.16,0.09,0.05,0.03,4.4,1.05
"345",25.99,7896,0.72,0.13,0.08,0.05,0.02,4.5,0.93,27.99,5979,0.74,0.2,0.01,0.02,0.03,4.6,0.75,15.99,5997,0.78,0.14,0.02,0.02,0.04,4.6,0.84,13.99,8526,0.67,0.21,0.1,0.01,0.01,4.5,0.65
"346",27.99,6752,0.73,0.2,0.03,0.01,0.03,4.6,0.72,25.99,5767,0.66,0.19,0.07,0.05,0.03,4.4,1,13.99,5169,0.86,0.03,0.03,0.01,0.07,4.6,1.26,14.99,8176,0.66,0.18,0.08,0.04,0.04,4.4,1.08
"347",25.99,7491,0.67,0.29,0.02,0.01,0.01,4.6,0.46,25.99,7871,0.79,0.08,0.04,0.02,0.07,4.5,1.31,14.99,7419,0.72,0.18,0.03,0.01,0.06,4.5,1.11,13.99,8737,0.71,0.16,0.06,0.05,0.02,4.5,0.9
"348",26.99,6819,0.71,0.13,0.12,0.03,0.01,4.5,0.77,27.99,8473,0.71,0.2,0.06,0.02,0.01,4.6,0.6,15.99,5636,0.78,0.14,0.01,0.01,0.06,4.6,1.02,15.99,7076,0.71,0.17,0.02,0.01,0.09,4.4,1.44
"349",27.99,9302,0.71,0.2,0.06,0.02,0.01,4.6,0.6,26.99,6598,0.66,0.18,0.08,0.04,0.04,4.4,1.08,13.99,8768,0.71,0.13,0.12,0.03,0.01,4.5,0.77,13.99,5104,0.72,0.18,0.03,0.01,0.06,4.5,1.11
"350",27.99,9435,0.77,0.09,0.05,0.02,0.07,4.5,1.28,25.99,8724,0.67,0.16,0.09,0.05,0.03,4.4,1.05,15.99,8728,0.77,0.09,0.05,0.02,0.07,4.5,1.28,14.99,7979,0.54,0.38,0.03,0.01,0.04,4.4,0.81
"351",26.99,5020,0.8,0.11,0.03,0.01,0.05,4.6,0.97,25.99,6235,0.47,0.47,0.03,0.02,0.01,4.4,0.48,15.99,9283,0.71,0.17,0.02,0.01,0.09,4.4,1.44,13.99,7202,0.76,0.11,0.1,0.02,0.01,4.6,0.69
"352",26.99,5884,0.71,0.2,0.06,0.02,0.01,4.6,0.6,26.99,7173,0.66,0.19,0.07,0.05,0.03,4.4,1,14.99,5856,0.72,0.13,0.08,0.05,0.02,4.5,0.93,13.99,5145,0.76,0.11,0.1,0.02,0.01,4.6,0.69
"353",27.99,9458,0.54,0.38,0.03,0.02,0.03,4.4,0.77,26.99,7952,0.73,0.12,0.08,0.04,0.03,4.5,0.99,15.99,7628,0.82,0.04,0.01,0.01,0.12,4.4,1.82,14.99,9257,0.71,0.13,0.12,0.03,0.01,4.5,0.77
"354",26.99,7109,0.67,0.16,0.09,0.05,0.03,4.4,1.05,25.99,5982,0.71,0.2,0.06,0.02,0.01,4.6,0.6,15.99,7673,0.82,0.04,0.01,0.01,0.12,4.4,1.82,15.99,8715,0.67,0.29,0.02,0.01,0.01,4.6,0.46
"355",25.99,6738,0.71,0.14,0.05,0.03,0.07,4.4,1.38,26.99,6580,0.67,0.2,0.04,0.03,0.06,4.4,1.18,13.99,6968,0.8,0.07,0.06,0.05,0.02,4.6,0.88,13.99,7087,0.68,0.19,0.1,0.01,0.02,4.5,0.75
"356",26.99,7575,0.72,0.18,0.03,0.01,0.06,4.5,1.11,25.99,5236,0.74,0.14,0.03,0.03,0.06,4.5,1.18,14.99,5194,0.83,0.03,0.03,0.01,0.1,4.5,1.54,14.99,8819,0.77,0.09,0.05,0.02,0.07,4.5,1.28
"357",26.99,5783,0.72,0.21,0.03,0.02,0.02,4.6,0.66,26.99,8134,0.71,0.17,0.02,0.01,0.09,4.4,1.44,14.99,7283,0.77,0.09,0.05,0.02,0.07,4.5,1.28,15.99,5320,0.61,0.26,0.06,0.04,0.03,4.4,0.95
"358",25.99,8989,0.8,0.11,0.03,0.01,0.05,4.6,0.97,26.99,5589,0.83,0.05,0.05,0.01,0.06,4.6,1.12,14.99,9125,0.71,0.13,0.12,0.03,0.01,4.5,0.77,13.99,7260,0.84,0.02,0.02,0.05,0.07,4.5,1.44
"359",25.99,9018,0.63,0.27,0.08,0.01,0.01,4.5,0.54,26.99,5443,0.73,0.1,0.08,0.04,0.05,4.4,1.22,15.99,7129,0.55,0.36,0.06,0.01,0.02,4.4,0.69,15.99,8511,0.58,0.31,0.04,0.03,0.04,4.4,0.91
"360",27.99,8051,0.8,0.07,0.07,0.02,0.04,4.6,0.91,26.99,8857,0.76,0.11,0.1,0.02,0.01,4.6,0.69,15.99,6599,0.71,0.2,0.06,0.02,0.01,4.6,0.6,13.99,7044,0.79,0.08,0.04,0.02,0.07,4.5,1.31
"361",25.99,6286,0.73,0.09,0.09,0.04,0.05,4.4,1.31,26.99,7815,0.76,0.11,0.1,0.02,0.01,4.6,0.69,15.99,9665,0.82,0.08,0.02,0.03,0.05,4.6,1.07,15.99,7414,0.73,0.2,0.03,0.01,0.03,4.6,0.72
"362",27.99,8005,0.7,0.25,0.02,0.01,0.02,4.6,0.53,25.99,9862,0.73,0.09,0.08,0.08,0.02,4.4,1.15,15.99,6392,0.54,0.38,0.03,0.01,0.04,4.4,0.81,15.99,6031,0.68,0.19,0.1,0.01,0.02,4.5,0.75
"363",26.99,8148,0.8,0.02,0.04,0.06,0.08,4.4,1.64,26.99,8897,0.67,0.18,0.06,0.05,0.04,4.4,1.11,13.99,5083,0.61,0.26,0.06,0.04,0.03,4.4,0.95,13.99,9492,0.73,0.2,0.03,0.01,0.03,4.6,0.72
"364",25.99,9317,0.63,0.27,0.08,0.01,0.01,4.5,0.54,25.99,7865,0.72,0.13,0.08,0.05,0.02,4.5,0.93,14.99,5674,0.69,0.17,0.1,0.03,0.01,4.5,0.81,14.99,5341,0.8,0.02,0.04,0.06,0.08,4.4,1.64
"365",25.99,8429,0.75,0.13,0.08,0.02,0.02,4.6,0.71,26.99,5943,0.86,0.03,0.03,0.01,0.07,4.6,1.26,14.99,8879,0.68,0.19,0.1,0.01,0.02,4.5,0.75,14.99,9465,0.75,0.14,0.03,0.01,0.07,4.5,1.24
"366",27.99,5222,0.67,0.21,0.1,0.01,0.01,4.5,0.65,25.99,5505,0.63,0.21,0.13,0.01,0.02,4.4,0.85,14.99,8993,0.75,0.13,0.08,0.02,0.02,4.6,0.71,14.99,7000,0.8,0.07,0.06,0.05,0.02,4.6,0.88
"367",25.99,8032,0.71,0.14,0.05,0.03,0.07,4.4,1.38,26.99,7728,0.63,0.27,0.08,0.01,0.01,4.5,0.54,15.99,9467,0.73,0.1,0.08,0.04,0.05,4.4,1.22,14.99,8777,0.81,0.11,0.02,0.01,0.05,4.6,0.95
"368",25.99,7056,0.67,0.18,0.06,0.05,0.04,4.4,1.11,27.99,9613,0.74,0.1,0.08,0.06,0.02,4.5,1.01,13.99,5731,0.81,0.11,0.02,0.01,0.05,4.6,0.95,13.99,8650,0.67,0.2,0.04,0.03,0.06,4.4,1.18
"369",26.99,8573,0.73,0.09,0.09,0.04,0.05,4.4,1.31,27.99,7375,0.86,0.03,0.03,0.01,0.07,4.6,1.26,15.99,5221,0.81,0.06,0.02,0.04,0.07,4.5,1.35,15.99,8229,0.76,0.11,0.1,0.02,0.01,4.6,0.69
"370",26.99,5162,0.58,0.31,0.04,0.03,0.04,4.4,0.91,25.99,6794,0.71,0.13,0.12,0.03,0.01,4.5,0.77,13.99,7291,0.78,0.14,0.01,0.01,0.06,4.6,1.02,15.99,9834,0.69,0.17,0.1,0.03,0.01,4.5,0.81
"371",25.99,9080,0.72,0.21,0.03,0.02,0.02,4.6,0.66,27.99,5125,0.74,0.1,0.08,0.06,0.02,4.5,1.01,15.99,8142,0.67,0.16,0.09,0.05,0.03,4.4,1.05,14.99,6281,0.58,0.31,0.04,0.03,0.04,4.4,0.91
"372",26.99,8567,0.69,0.17,0.1,0.03,0.01,4.5,0.81,25.99,7106,0.76,0.06,0.04,0.07,0.07,4.4,1.52,13.99,7312,0.47,0.47,0.03,0.02,0.01,4.4,0.48,13.99,7957,0.69,0.17,0.1,0.03,0.01,4.5,0.81
"373",27.99,6569,0.58,0.31,0.04,0.03,0.04,4.4,0.91,26.99,5595,0.82,0.04,0.01,0.01,0.12,4.4,1.82,13.99,7781,0.73,0.2,0.03,0.01,0.03,4.6,0.72,13.99,5466,0.61,0.26,0.06,0.04,0.03,4.4,0.95
"374",26.99,5010,0.83,0.05,0.05,0.01,0.06,4.6,1.12,25.99,6863,0.68,0.19,0.1,0.01,0.02,4.5,0.75,15.99,9416,0.67,0.25,0.03,0.02,0.03,4.5,0.84,14.99,9757,0.72,0.21,0.03,0.02,0.02,4.6,0.66
"375",27.99,8396,0.72,0.13,0.08,0.05,0.02,4.5,0.93,26.99,5503,0.73,0.12,0.08,0.04,0.03,4.5,0.99,13.99,6771,0.75,0.13,0.08,0.02,0.02,4.6,0.71,15.99,7053,0.71,0.16,0.06,0.05,0.02,4.5,0.9
"376",27.99,6104,0.65,0.27,0.05,0.01,0.02,4.5,0.7,26.99,5790,0.67,0.25,0.03,0.02,0.03,4.5,0.84,14.99,8313,0.8,0.07,0.06,0.05,0.02,4.6,0.88,14.99,7783,0.79,0.08,0.04,0.02,0.07,4.5,1.31
"377",27.99,5864,0.76,0.06,0.04,0.07,0.07,4.4,1.52,26.99,8333,0.67,0.21,0.1,0.01,0.01,4.5,0.65,14.99,6786,0.71,0.16,0.06,0.05,0.02,4.5,0.9,14.99,6502,0.77,0.09,0.05,0.02,0.07,4.5,1.28
"378",27.99,5888,0.54,0.38,0.03,0.02,0.03,4.4,0.77,27.99,5822,0.67,0.18,0.06,0.05,0.04,4.4,1.11,14.99,5564,0.86,0.02,0.03,0.04,0.05,4.6,1.16,15.99,9562,0.67,0.25,0.03,0.02,0.03,4.5,0.84
"379",27.99,5559,0.83,0.03,0.03,0.01,0.1,4.5,1.54,26.99,5950,0.81,0.06,0.02,0.04,0.07,4.5,1.35,15.99,5944,0.61,0.26,0.06,0.04,0.03,4.4,0.95,13.99,7083,0.71,0.14,0.05,0.03,0.07,4.4,1.38
"380",26.99,7813,0.76,0.13,0.05,0.04,0.02,4.6,0.79,26.99,8702,0.73,0.1,0.08,0.04,0.05,4.4,1.22,13.99,7071,0.78,0.14,0.01,0.01,0.06,4.6,1.02,14.99,6146,0.66,0.18,0.08,0.04,0.04,4.4,1.08
"381",25.99,6368,0.8,0.11,0.03,0.01,0.05,4.6,0.97,26.99,5374,0.75,0.14,0.03,0.01,0.07,4.5,1.24,15.99,8305,0.67,0.18,0.06,0.05,0.04,4.4,1.11,13.99,8943,0.79,0.08,0.04,0.02,0.07,4.5,1.31
"382",25.99,7621,0.77,0.09,0.05,0.02,0.07,4.5,1.28,25.99,5357,0.82,0.08,0.02,0.03,0.05,4.6,1.07,13.99,6091,0.71,0.17,0.02,0.01,0.09,4.4,1.44,15.99,8130,0.71,0.14,0.05,0.03,0.07,4.4,1.38
"383",27.99,6480,0.73,0.12,0.08,0.04,0.03,4.5,0.99,26.99,5398,0.67,0.29,0.02,0.01,0.01,4.6,0.46,15.99,5313,0.75,0.19,0.01,0.01,0.04,4.6,0.8,15.99,7072,0.83,0.05,0.05,0.01,0.06,4.6,1.12
"384",25.99,9856,0.81,0.06,0.02,0.04,0.07,4.5,1.35,25.99,6228,0.66,0.19,0.07,0.05,0.03,4.4,1,13.99,5188,0.79,0.08,0.04,0.02,0.07,4.5,1.31,13.99,5313,0.81,0.11,0.02,0.01,0.05,4.6,0.95
"385",27.99,9570,0.73,0.09,0.09,0.04,0.05,4.4,1.31,25.99,9234,0.61,0.26,0.06,0.04,0.03,4.4,0.95,13.99,8847,0.8,0.07,0.06,0.05,0.02,4.6,0.88,15.99,8742,0.71,0.13,0.12,0.03,0.01,4.5,0.77
"386",26.99,6147,0.84,0.02,0.02,0.05,0.07,4.5,1.44,27.99,6455,0.72,0.13,0.08,0.05,0.02,4.5,0.93,13.99,9249,0.72,0.18,0.03,0.01,0.06,4.5,1.11,13.99,8419,0.74,0.14,0.03,0.03,0.06,4.5,1.18
"387",25.99,5997,0.78,0.14,0.01,0.01,0.06,4.6,1.02,25.99,6798,0.73,0.1,0.08,0.04,0.05,4.4,1.22,13.99,5500,0.83,0.03,0.03,0.01,0.1,4.5,1.54,14.99,8930,0.67,0.21,0.1,0.01,0.01,4.5,0.65
"388",25.99,5510,0.7,0.25,0.02,0.01,0.02,4.6,0.53,25.99,7928,0.72,0.18,0.03,0.01,0.06,4.5,1.11,14.99,9184,0.71,0.14,0.05,0.03,0.07,4.4,1.38,15.99,7167,0.58,0.31,0.04,0.03,0.04,4.4,0.91
"389",27.99,9865,0.78,0.14,0.01,0.01,0.06,4.6,1.02,27.99,6140,0.82,0.08,0.02,0.03,0.05,4.6,1.07,13.99,6284,0.75,0.14,0.03,0.01,0.07,4.5,1.24,15.99,6478,0.8,0.07,0.06,0.05,0.02,4.6,0.88
"390",27.99,8436,0.68,0.19,0.1,0.01,0.02,4.5,0.75,25.99,6784,0.71,0.14,0.05,0.03,0.07,4.4,1.38,13.99,9679,0.67,0.25,0.03,0.02,0.03,4.5,0.84,13.99,7083,0.67,0.2,0.04,0.03,0.06,4.4,1.18
"391",27.99,7055,0.58,0.31,0.04,0.03,0.04,4.4,0.91,25.99,8563,0.63,0.21,0.13,0.01,0.02,4.4,0.85,15.99,6736,0.54,0.38,0.03,0.01,0.04,4.4,0.81,14.99,8157,0.79,0.08,0.04,0.02,0.07,4.5,1.31
"392",26.99,9020,0.83,0.05,0.05,0.01,0.06,4.6,1.12,27.99,7280,0.84,0.02,0.02,0.05,0.07,4.5,1.44,13.99,8628,0.79,0.08,0.04,0.02,0.07,4.5,1.31,14.99,9865,0.73,0.2,0.03,0.01,0.03,4.6,0.72
"393",25.99,7095,0.8,0.07,0.07,0.02,0.04,4.6,0.91,25.99,6552,0.54,0.38,0.03,0.02,0.03,4.4,0.77,13.99,9696,0.8,0.11,0.03,0.01,0.05,4.6,0.97,15.99,9256,0.61,0.26,0.06,0.04,0.03,4.4,0.95
"394",25.99,7209,0.8,0.07,0.07,0.02,0.04,4.6,0.91,25.99,7865,0.76,0.06,0.04,0.07,0.07,4.4,1.52,15.99,9531,0.83,0.05,0.05,0.01,0.06,4.6,1.12,13.99,7077,0.86,0.03,0.03,0.01,0.07,4.6,1.26
"395",27.99,6492,0.67,0.2,0.04,0.03,0.06,4.4,1.18,25.99,8639,0.84,0.02,0.02,0.05,0.07,4.5,1.44,13.99,9849,0.67,0.29,0.02,0.01,0.01,4.6,0.46,13.99,5906,0.76,0.11,0.1,0.02,0.01,4.6,0.69
"396",26.99,6643,0.54,0.38,0.03,0.02,0.03,4.4,0.77,25.99,8197,0.63,0.27,0.08,0.01,0.01,4.5,0.54,14.99,7027,0.71,0.17,0.02,0.01,0.09,4.4,1.44,14.99,8759,0.68,0.19,0.1,0.01,0.02,4.5,0.75
"397",25.99,5978,0.69,0.17,0.1,0.03,0.01,4.5,0.81,27.99,6750,0.83,0.05,0.05,0.01,0.06,4.6,1.12,15.99,9055,0.81,0.06,0.02,0.04,0.07,4.5,1.35,15.99,8809,0.66,0.18,0.08,0.04,0.04,4.4,1.08
"398",26.99,8422,0.71,0.16,0.06,0.05,0.02,4.5,0.9,26.99,9326,0.84,0.02,0.02,0.05,0.07,4.5,1.44,15.99,6880,0.67,0.25,0.03,0.02,0.03,4.5,0.84,15.99,7940,0.8,0.11,0.03,0.01,0.05,4.6,0.97
"399",26.99,5185,0.82,0.08,0.02,0.03,0.05,4.6,1.07,26.99,8884,0.86,0.02,0.03,0.04,0.05,4.6,1.16,13.99,9192,0.67,0.18,0.06,0.05,0.04,4.4,1.11,15.99,5526,0.55,0.36,0.06,0.01,0.02,4.4,0.69
"400",25.99,6851,0.68,0.19,0.1,0.01,0.02,4.5,0.75,27.99,7209,0.74,0.14,0.03,0.03,0.06,4.5,1.18,14.99,9705,0.63,0.27,0.08,0.01,0.01,4.5,0.54,14.99,9642,0.79,0.08,0.04,0.02,0.07,4.5,1.31
